"admin2","admin2id","village_id","longitude","latitude","year_baseline","nodule_positive_base","nodule_tested_base","nodule_prev_base","year_eval","nodule_eval_tested","nodule_eval_positive","nodule_eval_prev","ov16_eval_tested","ov16_eval_positive","ov16_eval_prev","vector_01","OBJECTID","ADMIN0","ADMIN2","COV_99","COV_00","COV_01","COV_02","COV_03","year","skin_tested","skin_positive","skin_prev_monitor","mda_rounds"
"Banfora",826,521,-4.605542,10.4544,1997,93,104,0.8942308,2004,96,17,0.1770833,104,35,0.3365385,1,17683,"Burkina Faso","Banfora",77,NA,88,93,91,NA,NA,NA,NA,4
"Banfora",826,522,-4.88891,10.5237,1996,93,97,0.9587629,2004,98,16,0.1632653,94,19,0.2021277,1,17683,"Burkina Faso","Banfora",77,NA,88,93,91,NA,NA,NA,NA,4
"Banfora",826,523,-4.834913,9.870183,1997,83,103,0.8058252,2005,99,68,0.6868687,99,41,0.4141414,0,17683,"Burkina Faso","Banfora",77,NA,88,93,91,NA,NA,NA,NA,4
"Banfora",826,524,-4.853712,10.33484,1995,54,96,0.5625,2004,98,12,0.122449,98,26,0.2653061,1,17683,"Burkina Faso","Banfora",77,NA,88,93,91,2000,96,47,0.4895833,4
"Banfora",826,525,-4.749786,10.77475,1996,92,97,0.9484536,2004,101,87,0.8613861,101,40,0.3960396,0,17683,"Burkina Faso","Banfora",77,NA,88,93,91,NA,NA,NA,NA,4
"Banfora",826,526,-4.745618,10.2903,1997,55,95,0.5789474,2005,99,58,0.5858586,97,NA,NA,0,17683,"Burkina Faso","Banfora",77,NA,88,93,91,2000,102,57,0.5588235,4
"Banfora",826,527,-4.60394,10.60723,1997,49,97,0.5051546,2005,106,17,0.1603774,97,25,0.2577319,1,17683,"Burkina Faso","Banfora",77,NA,88,93,91,NA,NA,NA,NA,4
"Banfora",826,528,-4.949062,10.71262,1998,40,103,0.3883495,2005,103,38,0.368932,98,NA,NA,0,17683,"Burkina Faso","Banfora",77,NA,88,93,91,NA,NA,NA,NA,4
"Banfora",826,529,-4.796116,10.41263,1998,93,99,0.9393939,2004,94,15,0.1595745,95,29,0.3052632,1,17683,"Burkina Faso","Banfora",77,NA,88,93,91,NA,NA,NA,NA,4
"Banfora",826,530,-5.052586,10.37479,1998,57,103,0.5533981,2005,101,46,0.4554456,99,41,0.4141414,0,17683,"Burkina Faso","Banfora",77,NA,88,93,91,NA,NA,NA,NA,4
"Banfora",826,531,-4.954452,10.86668,1995,89,95,0.9368421,2005,98,19,0.1938775,104,31,0.2980769,1,17683,"Burkina Faso","Banfora",77,NA,88,93,91,NA,NA,NA,NA,4
"Banfora",826,532,-4.62555,10.28526,1996,70,97,0.7216495,2004,NA,NA,NA,99,NA,NA,0,17683,"Burkina Faso","Banfora",77,NA,88,93,91,2000,99,72,0.7272727,4
"Barsalogho",827,146,-0.7919547,13.65912,1996,66,104,0.6346154,2004,NA,NA,NA,104,NA,NA,1,11768,"Burkina Faso","Barsalogho",60,80,84,67,81,NA,NA,NA,NA,5
"Barsalogho",827,147,-0.901513,13.64581,1998,67,99,0.6767676,2005,96,14,0.1458333,97,NA,NA,1,11768,"Burkina Faso","Barsalogho",60,80,84,67,81,NA,NA,NA,NA,5
"Barsalogho",827,148,-1.186428,13.50748,1998,40,101,0.3960396,2004,NA,NA,NA,101,NA,NA,1,11768,"Burkina Faso","Barsalogho",60,80,84,67,81,NA,NA,NA,NA,5
"Barsalogho",827,149,-0.7764314,13.75356,1996,32,97,0.3298969,2004,100,12,0.12,96,NA,NA,1,11768,"Burkina Faso","Barsalogho",60,80,84,67,81,2002,97,36,0.371134,5
"Barsalogho",827,150,-1.043689,13.7706,1997,64,105,0.6095238,2005,99,12,0.1212121,99,29,0.2929293,1,11768,"Burkina Faso","Barsalogho",60,80,84,67,81,NA,NA,NA,NA,5
"Barsalogho",827,151,-1.27892,13.32542,1995,83,97,0.8556701,2005,97,66,0.6804124,97,42,0.4329897,0,11768,"Burkina Faso","Barsalogho",60,80,84,67,81,2002,102,56,0.5490196,5
"Barsalogho",827,152,-1.123518,13.6779,1996,91,97,0.9381443,2004,97,82,0.8453608,96,46,0.4791667,0,11768,"Burkina Faso","Barsalogho",60,80,84,67,81,2002,99,71,0.7171717,5
"Baskuy",1170,87,-1.476429,12.34817,1998,12,101,0.1188119,2004,97,21,0.2164948,103,44,0.4271845,1,NA,NA,NA,NA,NA,NA,NA,NA,NA,NA,NA,NA,0
"Batie",828,447,-3.1327,10.14282,1998,54,98,0.5510204,2005,102,56,0.5490196,99,NA,NA,0,17675,"Burkina Faso","Batie",NA,90,88,86,81,NA,NA,NA,NA,4
"Batie",828,448,-2.833709,9.527488,1995,28,105,0.2666667,2005,97,7,0.0721649,102,30,0.2941177,1,17675,"Burkina Faso","Batie",NA,90,88,86,81,NA,NA,NA,NA,4
"Batie",828,449,-3.017045,9.827177,1995,57,96,0.59375,2005,101,52,0.5148515,102,NA,NA,0,17675,"Burkina Faso","Batie",NA,90,88,86,81,NA,NA,NA,NA,4
"Batie",828,450,-2.861531,9.997551,1996,74,103,0.7184466,2005,99,18,0.1818182,97,NA,NA,1,17675,"Burkina Faso","Batie",NA,90,88,86,81,NA,NA,NA,NA,4
"Batie",828,451,-3.101973,9.936436,1997,46,97,0.4742268,2004,NA,NA,NA,101,NA,NA,1,17675,"Burkina Faso","Batie",NA,90,88,86,81,NA,NA,NA,NA,4
"Batie",828,452,-2.878176,9.791248,1995,94,101,0.9306931,2005,102,81,0.7941176,96,47,0.4895833,0,17675,"Burkina Faso","Batie",NA,90,88,86,81,NA,NA,NA,NA,4
"Bittou",1171,507,-0.29928,11.22289,1996,44,101,0.4356436,2004,101,16,0.1584158,101,33,0.3267327,1,17680,"Burkina Faso","Bittou",60,77,79,82,90,NA,NA,NA,NA,5
"Bittou",1171,508,-0.1379203,11.13935,1995,54,97,0.556701,2004,102,16,0.1568628,98,22,0.2244898,1,17680,"Burkina Faso","Bittou",60,77,79,82,90,NA,NA,NA,NA,5
"Bittou",1171,509,-0.08877,11.29665,1995,99,103,0.9611651,2005,97,17,0.1752577,97,24,0.2474227,1,17680,"Burkina Faso","Bittou",60,77,79,82,90,NA,NA,NA,NA,5
"Bittou",1171,510,-0.3130259,11.48394,1997,80,105,0.7619048,2004,98,66,0.6734694,102,37,0.3627451,0,17680,"Burkina Faso","Bittou",60,77,79,82,90,NA,NA,NA,NA,5
"Bogande",829,187,0.5103956,13.05259,1998,98,103,0.9514563,2004,NA,NA,NA,93,NA,NA,1,12085,"Burkina Faso","Bogande",65,89,82,75,82,NA,NA,NA,NA,5
"Bogande",829,188,0.402831,13.01404,1998,71,105,0.6761905,2005,96,7,0.0729167,105,29,0.2761905,1,12085,"Burkina Faso","Bogande",65,89,82,75,82,NA,NA,NA,NA,5
"Bogande",829,189,0.2745159,12.54368,1996,56,97,0.5773196,2005,101,52,0.5148515,92,31,0.3369565,0,12085,"Burkina Faso","Bogande",65,89,82,75,82,NA,NA,NA,NA,5
"Bogande",829,190,-0.0844881,12.7039,1998,32,103,0.3106796,2005,NA,NA,NA,99,NA,NA,1,12085,"Burkina Faso","Bogande",65,89,82,75,82,NA,NA,NA,NA,5
"Bogande",829,191,0.3481489,12.48445,1995,63,102,0.6176471,2005,100,60,0.6,100,33,0.33,0,12085,"Burkina Faso","Bogande",65,89,82,75,82,NA,NA,NA,NA,5
"Bogande",829,192,-0.1806012,12.28679,1997,26,101,0.2574258,2005,97,8,0.0824742,95,29,0.3052632,1,12085,"Burkina Faso","Bogande",65,89,82,75,82,NA,NA,NA,NA,5
"Bogande",829,193,0.1081911,12.66921,1998,38,104,0.3653846,2005,104,15,0.1442308,101,20,0.1980198,1,12085,"Burkina Faso","Bogande",65,89,82,75,82,NA,NA,NA,NA,5
"Bogande",829,194,0.183807,13.0352,1995,81,104,0.7788461,2005,99,66,0.6666667,102,40,0.3921569,0,12085,"Burkina Faso","Bogande",65,89,82,75,82,NA,NA,NA,NA,5
"Bogande",829,195,-0.1835026,13.07247,1998,87,101,0.8613861,2005,102,80,0.7843137,98,39,0.3979592,0,12085,"Burkina Faso","Bogande",65,89,82,75,82,NA,NA,NA,NA,5
"Bogande",829,196,-0.1640498,12.85504,1995,96,97,0.9896907,2004,99,18,0.1818182,95,NA,NA,1,12085,"Burkina Faso","Bogande",65,89,82,75,82,NA,NA,NA,NA,5
"Bogande",829,197,-0.1626602,12.96057,1998,91,104,0.875,2004,96,70,0.7291667,99,35,0.3535354,0,12085,"Burkina Faso","Bogande",65,89,82,75,82,NA,NA,NA,NA,5
"Bogande",829,198,-0.0394785,12.33513,1997,60,104,0.5769231,2005,102,55,0.5392157,96,38,0.3958333,0,12085,"Burkina Faso","Bogande",65,89,82,75,82,NA,NA,NA,NA,5
"Bogodogo",869,64,-1.400167,12.37238,1995,1,103,0.0097087,2004,99,26,0.2626263,97,30,0.3092783,0,NA,NA,NA,NA,NA,NA,NA,NA,NA,NA,NA,NA,0
"Bogodogo",869,65,-1.435247,12.24274,1996,17,99,0.1717172,2005,104,27,0.2596154,100,43,0.43,0,NA,NA,NA,NA,NA,NA,NA,NA,NA,NA,NA,NA,0
"Bogodogo",869,66,-1.318114,12.2916,1997,13,100,0.13,2004,105,35,0.3333333,97,48,0.4948454,1,NA,NA,NA,NA,NA,NA,NA,NA,NA,NA,NA,NA,0
"Boromo",830,26,-3.064565,11.64395,1997,3,104,0.0288462,2004,101,14,0.1386139,98,34,0.3469388,0,NA,NA,NA,NA,NA,NA,NA,NA,NA,NA,NA,NA,0
"Boromo",830,27,-2.784966,11.29003,1998,12,101,0.1188119,2004,102,36,0.3529412,97,56,0.5773196,1,NA,NA,NA,NA,NA,NA,NA,NA,NA,NA,NA,NA,0
"Boromo",830,28,-2.582328,11.42527,1995,11,102,0.1078431,2004,103,25,0.2427184,103,50,0.4854369,0,NA,NA,NA,NA,NA,NA,NA,NA,NA,NA,NA,NA,0
"Boromo",830,29,-3.043338,11.99285,1998,2,105,0.0190476,2004,102,16,0.1568628,100,30,0.3,0,NA,NA,NA,NA,NA,NA,NA,NA,NA,NA,NA,NA,0
"Boromo",830,30,-3.21923,11.52123,1997,11,105,0.1047619,2005,100,28,0.28,101,49,0.4851485,0,NA,NA,NA,NA,NA,NA,NA,NA,NA,NA,NA,NA,0
"Boromo",830,31,-2.784413,11.38234,1998,3,95,0.0315789,2005,97,19,0.1958763,95,41,0.4315789,1,NA,NA,NA,NA,NA,NA,NA,NA,NA,NA,NA,NA,0
"Boromo",830,32,-3.008615,11.80671,1997,13,97,0.1340206,2005,101,36,0.3564357,103,48,0.4660194,0,NA,NA,NA,NA,NA,NA,NA,NA,NA,NA,NA,NA,0
"Boromo",830,33,-2.801612,11.61233,1997,13,105,0.1238095,2004,94,29,0.3085106,102,51,0.5,1,NA,NA,NA,NA,NA,NA,NA,NA,NA,NA,NA,NA,0
"Boromo",830,34,-3.262453,11.63101,1998,12,96,0.125,2005,NA,NA,NA,103,NA,NA,1,NA,NA,NA,NA,NA,NA,NA,NA,NA,NA,NA,NA,0
"Boulmiougou",861,62,-1.713098,12.15828,1996,8,97,0.0824742,2004,101,25,0.2475248,104,NA,NA,1,NA,NA,NA,NA,NA,NA,NA,NA,NA,NA,NA,NA,0
"Boulmiougou",861,63,-1.615343,12.24459,1998,16,100,0.16,2005,102,45,0.4411765,97,66,0.6804124,1,NA,NA,NA,NA,NA,NA,NA,NA,NA,NA,NA,NA,0
"Boulsa",831,204,-0.5231618,13.52081,1995,76,105,0.7238095,2004,98,8,0.0816327,98,26,0.2653061,1,12979,"Burkina Faso","Boulsa",75,NA,88,66,93,2002,105,40,0.3809524,4
"Boulsa",831,205,-0.4795494,12.64823,1996,86,101,0.8514851,2004,98,73,0.744898,100,33,0.33,0,12979,"Burkina Faso","Boulsa",75,NA,88,66,93,2002,97,70,0.7216495,4
"Boulsa",831,206,-0.2754956,13.58406,1998,52,103,0.5048544,2005,105,12,0.1142857,94,24,0.2553191,1,12979,"Burkina Faso","Boulsa",75,NA,88,66,93,2002,98,18,0.1836735,4
"Boulsa",831,207,-0.2619749,12.74224,1998,85,102,0.8333333,2004,102,19,0.1862745,100,25,0.25,1,12979,"Burkina Faso","Boulsa",75,NA,88,66,93,2002,100,41,0.41,4
"Boulsa",831,208,-0.7319599,13.64745,1998,35,95,0.368421,2004,102,44,0.4313726,102,24,0.2352941,0,12979,"Burkina Faso","Boulsa",75,NA,88,66,93,NA,NA,NA,NA,4
"Boulsa",831,209,-0.4737438,12.95406,1996,87,101,0.8613861,2004,99,4,0.040404,103,19,0.184466,1,12979,"Burkina Faso","Boulsa",75,NA,88,66,93,2002,99,39,0.3939394,4
"Boulsa",831,210,-0.5646009,13.237,1998,61,95,0.6421053,2005,99,60,0.6060606,100,39,0.39,0,12979,"Burkina Faso","Boulsa",75,NA,88,66,93,2002,100,60,0.6,4
"Boulsa",831,211,-0.3456123,12.54772,1997,45,98,0.4591837,2005,103,42,0.407767,102,NA,NA,0,12979,"Burkina Faso","Boulsa",75,NA,88,66,93,2002,99,49,0.4949495,4
"Boulsa",831,212,-0.4632873,12.81524,1998,53,103,0.5145631,2004,NA,NA,NA,100,NA,NA,1,12979,"Burkina Faso","Boulsa",75,NA,88,66,93,2002,104,35,0.3365385,4
"Boulsa",831,213,-0.5625368,13.07107,1997,72,96,0.75,2005,94,63,0.6702127,99,NA,NA,0,12979,"Burkina Faso","Boulsa",75,NA,88,66,93,NA,NA,NA,NA,4
"Boulsa",831,214,-0.3754031,13.51433,1996,56,97,0.5773196,2005,100,17,0.17,98,NA,NA,1,12979,"Burkina Faso","Boulsa",75,NA,88,66,93,NA,NA,NA,NA,4
"Boulsa",831,215,-0.634289,12.80204,1995,38,103,0.368932,2005,106,47,0.4433962,95,35,0.368421,0,12979,"Burkina Faso","Boulsa",75,NA,88,66,93,NA,NA,NA,NA,4
"Boulsa",831,216,-0.3595786,12.65756,1996,87,103,0.8446602,2004,98,71,0.7244898,96,35,0.3645833,0,12979,"Burkina Faso","Boulsa",75,NA,88,66,93,2002,100,54,0.54,4
"Boussee",832,58,-1.951005,12.7503,1998,9,104,0.0865385,2005,99,24,0.2424242,100,43,0.43,0,NA,NA,NA,NA,NA,NA,NA,NA,NA,NA,NA,NA,0
"Boussee",832,59,-1.759365,12.41031,1998,5,96,0.0520833,2005,102,21,0.2058824,97,NA,NA,1,NA,NA,NA,NA,NA,NA,NA,NA,NA,NA,NA,NA,0
"Boussee",832,60,-1.854861,12.42624,1996,1,101,0.009901,2005,NA,NA,NA,99,NA,NA,0,NA,NA,NA,NA,NA,NA,NA,NA,NA,NA,NA,NA,0
"Boussee",832,61,-2.026102,12.33133,1998,17,105,0.1619048,2005,104,25,0.2403846,104,46,0.4423077,1,NA,NA,NA,NA,NA,NA,NA,NA,NA,NA,NA,NA,0
"Dafra",867,539,-4.144199,11.22566,1995,8,105,0.0761905,2005,96,29,0.3020833,104,42,0.4038461,0,NA,NA,NA,NA,NA,NA,NA,NA,NA,NA,NA,NA,0
"Dafra",867,540,-4.129694,11.03481,1997,13,104,0.125,2005,104,18,0.1730769,100,38,0.38,0,NA,NA,NA,NA,NA,NA,NA,NA,NA,NA,NA,NA,0
"Dande",833,405,-4.548064,11.79983,1995,32,103,0.3106796,2005,NA,NA,NA,98,NA,NA,0,17670,"Burkina Faso","Dande",60,82,75,73,83,NA,NA,NA,NA,5
"Dande",833,406,-4.40366,11.67248,1997,81,97,0.8350515,2004,98,69,0.7040817,102,36,0.3529412,0,17670,"Burkina Faso","Dande",60,82,75,73,83,NA,NA,NA,NA,5
"Dande",833,407,-4.189598,11.50484,1995,32,99,0.3232323,2005,101,11,0.1089109,106,32,0.3018868,1,17670,"Burkina Faso","Dande",60,82,75,73,83,NA,NA,NA,NA,5
"Dande",833,408,-4.216161,11.68435,1997,87,103,0.8446602,2004,102,75,0.7352941,105,41,0.3904762,0,17670,"Burkina Faso","Dande",60,82,75,73,83,NA,NA,NA,NA,5
"Dande",833,409,-4.52635,11.52185,1997,92,105,0.8761905,2005,98,7,0.0714286,98,22,0.2244898,1,17670,"Burkina Faso","Dande",60,82,75,73,83,NA,NA,NA,NA,5
"Dande",833,410,-4.552338,12.00113,1995,92,95,0.968421,2005,98,7,0.0714286,101,26,0.2574258,1,17670,"Burkina Faso","Dande",60,82,75,73,83,NA,NA,NA,NA,5
"Dande",833,411,-4.202687,11.89597,1998,83,102,0.8137255,2005,97,65,0.6701031,98,42,0.4285714,0,17670,"Burkina Faso","Dande",60,82,75,73,83,NA,NA,NA,NA,5
"Dano",834,412,-2.92945,11.2961,1998,16,97,0.1649484,2005,101,27,0.2673267,93,41,0.4408602,1,NA,NA,NA,NA,NA,NA,NA,NA,NA,NA,NA,NA,0
"Dano",834,413,-3.132061,11.31778,1997,19,97,0.1958763,2004,101,44,0.4356436,94,57,0.606383,0,NA,NA,NA,NA,NA,NA,NA,NA,NA,NA,NA,NA,0
"Dano",834,414,-3.215657,11.27053,1997,10,105,0.0952381,2005,107,30,0.2803738,97,51,0.5257732,0,NA,NA,NA,NA,NA,NA,NA,NA,NA,NA,NA,NA,0
"Dano",834,415,-3.051651,10.96809,1997,5,104,0.0480769,2004,NA,NA,NA,100,NA,NA,0,NA,NA,NA,NA,NA,NA,NA,NA,NA,NA,NA,NA,0
"Dano",834,416,-2.930322,10.85027,1996,11,100,0.11,2005,103,31,0.3009709,101,48,0.4752475,0,NA,NA,NA,NA,NA,NA,NA,NA,NA,NA,NA,NA,0
"Dano",834,417,-3.349094,11.12879,1997,6,95,0.0631579,2004,94,16,0.1702128,105,NA,NA,0,NA,NA,NA,NA,NA,NA,NA,NA,NA,NA,NA,NA,0
"Dano",834,418,-3.133231,10.8878,1996,18,100,0.18,2004,96,35,0.3645833,102,NA,NA,0,NA,NA,NA,NA,NA,NA,NA,NA,NA,NA,NA,NA,0
"Dedougou",835,35,-3.291292,12.29039,1998,90,103,0.8737864,2005,100,44,0.44,99,30,0.3030303,1,5487,"Burkina Faso","Dedougou",NA,67,60,NA,85,NA,NA,NA,NA,3
"Dedougou",835,36,-3.510888,12.62261,1996,69,101,0.6831683,2005,104,43,0.4134615,102,36,0.3529412,1,5487,"Burkina Faso","Dedougou",NA,67,60,NA,85,NA,NA,NA,NA,3
"Dedougou",835,37,-3.119688,12.20096,1997,32,96,0.3333333,2004,NA,NA,NA,105,NA,NA,1,5487,"Burkina Faso","Dedougou",NA,67,60,NA,85,NA,NA,NA,NA,3
"Dedougou",835,38,-2.936864,12.25698,1995,56,97,0.5773196,2005,101,39,0.3861386,96,24,0.25,1,5487,"Burkina Faso","Dedougou",NA,67,60,NA,85,NA,NA,NA,NA,3
"Dedougou",835,39,-3.371921,12.37427,1996,50,99,0.5050505,2005,101,36,0.3564357,100,34,0.34,1,5487,"Burkina Faso","Dedougou",NA,67,60,NA,85,NA,NA,NA,NA,3
"Dedougou",835,40,-3.727072,12.12005,1997,27,101,0.2673267,2005,93,22,0.2365591,104,34,0.3269231,1,5487,"Burkina Faso","Dedougou",NA,67,60,NA,85,NA,NA,NA,NA,3
"Dedougou",835,41,-3.594098,12.35029,1997,49,102,0.4803922,2004,105,32,0.3047619,97,NA,NA,1,5487,"Burkina Faso","Dedougou",NA,67,60,NA,85,NA,NA,NA,NA,3
"Dedougou",835,42,-3.808473,12.19928,1995,27,99,0.2727273,2004,97,24,0.2474227,101,22,0.2178218,1,5487,"Burkina Faso","Dedougou",NA,67,60,NA,85,NA,NA,NA,NA,3
"Dedougou",835,43,-3.948592,11.89514,1995,32,95,0.3368421,2005,99,30,0.3030303,100,25,0.25,1,5487,"Burkina Faso","Dedougou",NA,67,60,NA,85,NA,NA,NA,NA,3
"Dedougou",835,44,-3.765638,11.93525,1996,48,102,0.4705882,2004,98,34,0.3469388,105,42,0.4,1,5487,"Burkina Faso","Dedougou",NA,67,60,NA,85,NA,NA,NA,NA,3
"Dedougou",835,45,-3.636761,12.12447,1997,94,101,0.9306931,2005,97,59,0.6082474,99,NA,NA,1,5487,"Burkina Faso","Dedougou",NA,67,60,NA,85,NA,NA,NA,NA,3
"Dedougou",835,46,-3.157021,11.93889,1995,82,96,0.8541667,2004,104,56,0.5384616,99,34,0.3434343,1,5487,"Burkina Faso","Dedougou",NA,67,60,NA,85,2001,98,50,0.5102041,3
"Dedougou",835,47,-3.721888,11.80086,1996,70,102,0.6862745,2005,100,44,0.44,105,32,0.3047619,1,5487,"Burkina Faso","Dedougou",NA,67,60,NA,85,2001,100,58,0.58,3
"Dedougou",835,48,-3.882284,12.09536,1996,70,101,0.6930693,2005,NA,NA,NA,99,NA,NA,1,5487,"Burkina Faso","Dedougou",NA,67,60,NA,85,NA,NA,NA,NA,3
"Diapaga",836,240,2.221891,11.72429,1998,100,105,0.952381,2004,97,76,0.7835051,100,47,0.47,0,13696,"Burkina Faso","Diapaga",70,76,76,82,83,2003,99,52,0.5252525,5
"Diapaga",836,241,1.705164,11.61867,1998,88,104,0.8461539,2004,100,71,0.71,102,37,0.3627451,0,13696,"Burkina Faso","Diapaga",70,76,76,82,83,NA,NA,NA,NA,5
"Diapaga",836,242,1.901474,11.59215,1995,70,101,0.6930693,2004,101,1,0.009901,99,NA,NA,1,13696,"Burkina Faso","Diapaga",70,76,76,82,83,NA,NA,NA,NA,5
"Diapaga",836,243,1.494549,11.64668,1998,45,101,0.4455445,2005,101,15,0.1485149,100,25,0.25,1,13696,"Burkina Faso","Diapaga",70,76,76,82,83,NA,NA,NA,NA,5
"Diapaga",836,244,1.790466,12.45753,1996,83,101,0.8217822,2004,98,32,0.3265306,100,39,0.39,1,13696,"Burkina Faso","Diapaga",70,76,76,82,83,2003,98,40,0.4081633,5
"Diapaga",836,245,1.415711,11.54006,1996,55,100,0.55,2004,95,38,0.4,100,27,0.27,0,13696,"Burkina Faso","Diapaga",70,76,76,82,83,NA,NA,NA,NA,5
"Diapaga",836,246,2.066783,12.25388,1997,96,101,0.9504951,2005,94,15,0.1595745,102,NA,NA,1,13696,"Burkina Faso","Diapaga",70,76,76,82,83,NA,NA,NA,NA,5
"Diapaga",836,247,1.699159,11.43969,1998,63,95,0.6631579,2005,101,16,0.1584158,100,36,0.36,1,13696,"Burkina Faso","Diapaga",70,76,76,82,83,NA,NA,NA,NA,5
"Diapaga",836,248,1.989433,12.01387,1998,79,102,0.7745098,2005,99,10,0.1010101,100,17,0.17,1,13696,"Burkina Faso","Diapaga",70,76,76,82,83,NA,NA,NA,NA,5
"Diapaga",836,249,1.984671,11.49409,1995,95,97,0.9793814,2005,NA,NA,NA,98,NA,NA,1,13696,"Burkina Faso","Diapaga",70,76,76,82,83,2003,100,49,0.49,5
"Diapaga",836,250,1.810118,11.92037,1995,87,102,0.8529412,2004,96,69,0.71875,99,42,0.4242424,0,13696,"Burkina Faso","Diapaga",70,76,76,82,83,NA,NA,NA,NA,5
"Diapaga",836,251,2.034711,12.53279,1998,76,105,0.7238095,2005,98,60,0.6122449,103,38,0.368932,0,13696,"Burkina Faso","Diapaga",70,76,76,82,83,2003,106,63,0.5943396,5
"Diapaga",836,252,2.39301,11.88072,1998,26,99,0.2626263,2005,NA,NA,NA,103,NA,NA,1,13696,"Burkina Faso","Diapaga",70,76,76,82,83,NA,NA,NA,NA,5
"Diapaga",836,253,1.358536,12.57192,1997,34,101,0.3366337,2005,98,14,0.1428571,98,21,0.2142857,1,13696,"Burkina Faso","Diapaga",70,76,76,82,83,2003,97,36,0.371134,5
"Diapaga",836,254,1.773476,12.13752,1996,34,95,0.3578947,2005,NA,NA,NA,97,NA,NA,0,13696,"Burkina Faso","Diapaga",70,76,76,82,83,NA,NA,NA,NA,5
"Diapaga",836,255,1.391808,11.64257,1995,61,95,0.6421053,2005,100,62,0.62,103,NA,NA,0,13696,"Burkina Faso","Diapaga",70,76,76,82,83,NA,NA,NA,NA,5
"Diapaga",836,256,1.560579,12.41779,1995,37,98,0.377551,2005,99,33,0.3333333,103,42,0.407767,0,13696,"Burkina Faso","Diapaga",70,76,76,82,83,NA,NA,NA,NA,5
"Diapaga",836,257,2.084483,12.10619,1996,47,98,0.4795918,2005,NA,NA,NA,95,NA,NA,0,13696,"Burkina Faso","Diapaga",70,76,76,82,83,NA,NA,NA,NA,5
"Diapaga",836,258,1.243889,11.6233,1996,53,99,0.5353535,2004,103,46,0.4466019,100,40,0.4,0,13696,"Burkina Faso","Diapaga",70,76,76,82,83,NA,NA,NA,NA,5
"Diapaga",836,259,1.319163,11.70413,1998,76,97,0.7835051,2004,101,8,0.0792079,95,25,0.2631579,1,13696,"Burkina Faso","Diapaga",70,76,76,82,83,NA,NA,NA,NA,5
"Diapaga",836,260,1.897151,12.33737,1996,33,98,0.3367347,2004,104,18,0.1730769,99,27,0.2727273,1,13696,"Burkina Faso","Diapaga",70,76,76,82,83,2003,96,59,0.6145833,5
"Diapaga",836,261,1.915328,12.43658,1997,95,96,0.9895833,2004,99,23,0.2323232,100,18,0.18,1,13696,"Burkina Faso","Diapaga",70,76,76,82,83,NA,NA,NA,NA,5
"Diapaga",836,262,1.533653,11.47063,1998,43,99,0.4343434,2005,97,13,0.1340206,98,NA,NA,1,13696,"Burkina Faso","Diapaga",70,76,76,82,83,NA,NA,NA,NA,5
"Diapaga",836,263,1.413769,11.76571,1998,47,97,0.4845361,2004,96,3,0.03125,99,16,0.1616162,1,13696,"Burkina Faso","Diapaga",70,76,76,82,83,2003,101,46,0.4554456,5
"Diapaga",836,264,1.833363,12.25857,1996,97,96,0.8,2004,95,16,0.1684211,103,NA,NA,1,13696,"Burkina Faso","Diapaga",70,76,76,82,83,NA,NA,NA,NA,5
"Diapaga",836,265,1.946796,11.69311,1997,26,101,0.2574258,2004,98,30,0.3061225,98,33,0.3367347,0,13696,"Burkina Faso","Diapaga",70,76,76,82,83,NA,NA,NA,NA,5
"Diapaga",836,266,1.805227,11.81756,1995,33,103,0.3203883,2004,99,37,0.3737374,101,30,0.2970297,0,13696,"Burkina Faso","Diapaga",70,76,76,82,83,2003,105,31,0.2952381,5
"Diapaga",836,267,1.255299,12.30998,1996,51,104,0.4903846,2004,99,12,0.1212121,97,32,0.3298969,1,13696,"Burkina Faso","Diapaga",70,76,76,82,83,2003,98,37,0.377551,5
"Diebougou",837,419,-3.262817,10.72159,1996,17,101,0.1683168,2004,97,21,0.2164948,97,42,0.4329897,1,NA,NA,NA,NA,NA,NA,NA,NA,NA,NA,NA,NA,0
"Diebougou",837,420,-3.488805,10.88403,1998,6,103,0.0582524,2005,95,39,0.4105263,103,NA,NA,1,NA,NA,NA,NA,NA,NA,NA,NA,NA,NA,NA,NA,0
"Diebougou",837,421,-3.475863,10.78439,1996,14,101,0.1386139,2005,NA,NA,NA,99,NA,NA,0,NA,NA,NA,NA,NA,NA,NA,NA,NA,NA,NA,NA,0
"Diebougou",837,422,-3.731086,10.73296,1996,3,102,0.0294118,2005,98,26,0.2653061,98,41,0.4183674,1,NA,NA,NA,NA,NA,NA,NA,NA,NA,NA,NA,NA,0
"Diebougou",837,423,-3.371832,10.87516,1996,8,99,0.0808081,2005,95,38,0.4,101,64,0.6336634,1,NA,NA,NA,NA,NA,NA,NA,NA,NA,NA,NA,NA,0
"Djibo",838,286,-0.9388838,14.06048,1998,97,98,0.9897959,2005,103,19,0.184466,99,30,0.3030303,1,14418,"Burkina Faso","Djibo",NA,86,NA,91,82,NA,NA,NA,NA,3
"Djibo",838,287,-1.077676,13.98579,1996,50,99,0.5050505,2004,102,17,0.1666667,101,NA,NA,1,14418,"Burkina Faso","Djibo",NA,86,NA,91,82,2002,97,33,0.3402062,3
"Djibo",838,288,-0.676586,14.1598,1995,53,101,0.5247525,2005,NA,NA,NA,96,NA,NA,0,14418,"Burkina Faso","Djibo",NA,86,NA,91,82,NA,NA,NA,NA,3
"Djibo",838,289,-1.567915,14.38699,1998,58,103,0.5631068,2004,95,19,0.2,92,22,0.2391304,1,14418,"Burkina Faso","Djibo",NA,86,NA,91,82,2002,100,40,0.4,3
"Djibo",838,290,-0.8813526,14.36869,1998,98,103,0.9514563,2004,97,7,0.0721649,100,NA,NA,1,14418,"Burkina Faso","Djibo",NA,86,NA,91,82,2002,102,31,0.3039216,3
"Djibo",838,291,-0.8789681,14.60101,1997,52,95,0.5473684,2004,103,50,0.4854369,100,34,0.34,0,14418,"Burkina Faso","Djibo",NA,86,NA,91,82,2002,100,46,0.46,3
"Djibo",838,292,-0.7972208,14.41269,1997,66,99,0.6666667,2005,NA,NA,NA,96,NA,NA,0,14418,"Burkina Faso","Djibo",NA,86,NA,91,82,2002,102,65,0.6372549,3
"Djibo",838,293,-1.705043,14.25238,1998,54,98,0.5510204,2004,100,56,0.56,102,41,0.4019608,0,14418,"Burkina Faso","Djibo",NA,86,NA,91,82,NA,NA,NA,NA,3
"Djibo",838,294,-1.052525,14.4857,1998,29,99,0.2929293,2005,95,9,0.0947368,97,30,0.3092783,1,14418,"Burkina Faso","Djibo",NA,86,NA,91,82,2002,100,42,0.42,3
"Djibo",838,295,-1.477323,13.88823,1996,79,97,0.814433,2004,NA,NA,NA,99,NA,NA,1,14418,"Burkina Faso","Djibo",NA,86,NA,91,82,2002,101,39,0.3861386,3
"Djibo",838,296,-1.059306,14.23487,1998,93,101,0.9207921,2005,98,13,0.1326531,98,20,0.2040816,1,14418,"Burkina Faso","Djibo",NA,86,NA,91,82,NA,NA,NA,NA,3
"Djibo",838,297,-1.084091,14.64551,1996,61,103,0.592233,2004,94,53,0.5638298,105,41,0.3904762,0,14418,"Burkina Faso","Djibo",NA,86,NA,91,82,NA,NA,NA,NA,3
"Djibo",838,298,-1.136995,13.7666,1996,31,96,0.3229167,2005,102,34,0.3333333,103,35,0.3398058,0,14418,"Burkina Faso","Djibo",NA,86,NA,91,82,2002,99,38,0.3838384,3
"Djibo",838,299,-1.425958,14.21204,1998,60,97,0.6185567,2004,98,59,0.6020408,99,NA,NA,0,14418,"Burkina Faso","Djibo",NA,86,NA,91,82,NA,NA,NA,NA,3
"Djibo",838,300,-1.746375,14.40205,1998,67,95,0.7052631,2005,100,16,0.16,99,23,0.2323232,1,14418,"Burkina Faso","Djibo",NA,86,NA,91,82,2002,101,34,0.3366337,3
"Djibo",838,301,-1.726494,14.12054,1995,54,97,0.556701,2004,99,15,0.1515152,97,24,0.2474227,1,14418,"Burkina Faso","Djibo",NA,86,NA,91,82,NA,NA,NA,NA,3
"Djibo",838,302,-0.7169229,14.26939,1995,86,95,0.9052632,2004,NA,NA,NA,95,NA,NA,0,14418,"Burkina Faso","Djibo",NA,86,NA,91,82,2002,97,77,0.7938144,3
"Djibo",838,303,-2.04494,14.1097,1996,51,104,0.4903846,2004,99,45,0.4545455,97,28,0.2886598,0,14418,"Burkina Faso","Djibo",NA,86,NA,91,82,NA,NA,NA,NA,3
"Djibo",838,304,-1.318115,14.09299,1998,44,100,0.44,2005,100,39,0.39,99,41,0.4141414,0,14418,"Burkina Faso","Djibo",NA,86,NA,91,82,NA,NA,NA,NA,3
"Djibo",838,305,-0.9362432,14.5107,1996,94,104,0.9038461,2005,94,74,0.7872341,101,50,0.4950495,0,14418,"Burkina Faso","Djibo",NA,86,NA,91,82,2002,96,66,0.6875,3
"Djibo",838,306,-1.421236,14.39508,1997,61,103,0.592233,2005,98,55,0.5612245,103,42,0.407767,0,14418,"Burkina Faso","Djibo",NA,86,NA,91,82,NA,NA,NA,NA,3
"Djibo",838,307,-1.38151,13.94302,1995,29,97,0.2989691,2004,104,28,0.2692308,97,30,0.3092783,0,14418,"Burkina Faso","Djibo",NA,86,NA,91,82,NA,NA,NA,NA,3
"Djibo",838,308,-0.8159258,13.895,1997,61,95,0.6421053,2005,105,11,0.1047619,95,30,0.3157895,1,14418,"Burkina Faso","Djibo",NA,86,NA,91,82,NA,NA,NA,NA,3
"Djibo",838,309,-0.9589999,14.19629,1997,38,97,0.3917526,2004,106,10,0.0943396,102,29,0.2843137,1,14418,"Burkina Faso","Djibo",NA,86,NA,91,82,2002,96,37,0.3854167,3
"Do",868,424,-4.702739,11.10199,1995,73,102,0.7156863,2005,101,67,0.6633663,103,37,0.3592233,0,17673,"Burkina Faso","Do",61,83,75,93,84,NA,NA,NA,NA,5
"Do",868,425,-4.554628,10.96706,1996,48,103,0.4660194,2004,99,42,0.4242424,96,34,0.3541667,0,17673,"Burkina Faso","Do",61,83,75,93,84,NA,NA,NA,NA,5
"Do",868,426,-4.514136,11.1838,1998,45,99,0.4545455,2004,101,13,0.1287129,99,28,0.2828283,1,17673,"Burkina Faso","Do",61,83,75,93,84,NA,NA,NA,NA,5
"Do",868,427,-4.246068,10.86398,1997,71,104,0.6826923,2004,101,6,0.0594059,99,33,0.3333333,1,17673,"Burkina Faso","Do",61,83,75,93,84,NA,NA,NA,NA,5
"Do",868,428,-4.689475,10.80544,1995,54,95,0.5684211,2005,100,11,0.11,101,21,0.2079208,1,17673,"Burkina Faso","Do",61,83,75,93,84,2000,101,29,0.2871287,5
"Do",868,429,-4.792939,10.94607,1995,63,97,0.6494845,2004,93,55,0.5913978,101,37,0.3663366,0,17673,"Burkina Faso","Do",61,83,75,93,84,NA,NA,NA,NA,5
"Do",868,430,-4.745465,11.31625,1996,59,100,0.59,2004,102,54,0.5294118,105,41,0.3904762,0,17673,"Burkina Faso","Do",61,83,75,93,84,2000,99,68,0.6868687,5
"Do",868,431,-4.593885,11.24396,1996,85,96,0.8854167,2004,99,29,0.2929293,99,33,0.3333333,1,17673,"Burkina Faso","Do",61,83,75,93,84,2000,102,59,0.5784314,5
"Dori",839,217,-0.4579382,13.92684,1997,NA,NA,0.8,2004,NA,NA,NA,102,NA,NA,1,NA,NA,NA,NA,NA,NA,NA,NA,NA,NA,NA,NA,0
"Dori",839,218,0.1850554,13.90902,1998,NA,NA,0.8,2005,NA,NA,NA,103,NA,NA,0,NA,NA,NA,NA,NA,NA,NA,NA,NA,NA,NA,NA,0
"Dori",839,219,-0.2087561,14.04643,1996,NA,NA,0.8,2005,NA,NA,NA,98,NA,NA,0,NA,NA,NA,NA,NA,NA,NA,NA,NA,NA,NA,NA,0
"Dori",839,220,-0.213273,13.79807,1997,NA,NA,0.8,2004,NA,NA,NA,96,NA,NA,0,NA,NA,NA,NA,NA,NA,NA,NA,NA,NA,NA,NA,0
"Dori",839,221,0.3924272,13.86495,1997,NA,NA,0.8,2005,NA,NA,NA,97,NA,NA,1,NA,NA,NA,NA,NA,NA,NA,NA,NA,NA,NA,NA,0
"Dori",839,222,0.021519,13.7337,1995,NA,NA,0.8,2005,NA,NA,NA,98,NA,NA,0,NA,NA,NA,NA,NA,NA,NA,NA,NA,NA,NA,NA,0
"Dori",839,223,0.2086907,14.00275,1998,NA,NA,0.8,2005,NA,NA,NA,99,NA,NA,0,NA,NA,NA,NA,NA,NA,NA,NA,NA,NA,NA,NA,0
"Dori",839,224,-0.1215312,13.67414,1998,NA,NA,0.8,2004,NA,NA,NA,97,NA,NA,0,NA,NA,NA,NA,NA,NA,NA,NA,NA,NA,NA,NA,0
"Dori",839,225,-0.2353664,14.15844,1998,NA,NA,0.8,2005,NA,NA,NA,100,NA,NA,1,NA,NA,NA,NA,NA,NA,NA,NA,NA,NA,NA,NA,0
"Dori",839,226,-0.1168644,13.85284,1996,NA,NA,0.8,2004,NA,NA,NA,101,NA,NA,1,NA,NA,NA,NA,NA,NA,NA,NA,NA,NA,NA,NA,0
"Dori",839,227,0.3505366,13.78219,1995,NA,NA,0.8,2005,NA,NA,NA,103,NA,NA,1,NA,NA,NA,NA,NA,NA,NA,NA,NA,NA,NA,NA,0
"Dori",839,228,-0.5888204,13.93791,1998,NA,NA,0.8,2004,NA,NA,NA,102,NA,NA,0,NA,NA,NA,NA,NA,NA,NA,NA,NA,NA,NA,NA,0
"Dori",839,229,-0.2257157,13.6344,1996,NA,NA,0.8,2005,NA,NA,NA,102,NA,NA,0,NA,NA,NA,NA,NA,NA,NA,NA,NA,NA,NA,NA,0
"Fada",840,166,0.5250795,11.88104,1996,78,95,0.8210526,2004,100,13,0.13,103,27,0.2621359,1,12084,"Burkina Faso","Fada",68,76,76,NA,88,NA,NA,NA,NA,4
"Fada",840,167,0.4801601,11.74001,1997,59,101,0.5841584,2004,101,14,0.1386139,102,34,0.3333333,1,12084,"Burkina Faso","Fada",68,76,76,NA,88,NA,NA,NA,NA,4
"Fada",840,168,1.069388,12.02587,1995,78,102,0.7647059,2004,100,74,0.74,101,NA,NA,0,12084,"Burkina Faso","Fada",68,76,76,NA,88,NA,NA,NA,NA,4
"Fada",840,169,0.5180793,12.45568,1997,49,97,0.5051546,2005,102,53,0.5196078,103,NA,NA,0,12084,"Burkina Faso","Fada",68,76,76,NA,88,NA,NA,NA,NA,4
"Fada",840,170,0.7050166,11.84431,1998,94,103,0.9126214,2005,96,80,0.8333333,95,35,0.368421,0,12084,"Burkina Faso","Fada",68,76,76,NA,88,NA,NA,NA,NA,4
"Fada",840,171,1.198171,12.34268,1996,40,96,0.4166667,2004,99,5,0.050505,100,31,0.31,1,12084,"Burkina Faso","Fada",68,76,76,NA,88,NA,NA,NA,NA,4
"Fada",840,172,1.247129,11.86168,1995,48,102,0.4705882,2005,99,44,0.4444444,97,NA,NA,0,12084,"Burkina Faso","Fada",68,76,76,NA,88,NA,NA,NA,NA,4
"Fada",840,173,0.5801284,12.14479,1998,55,101,0.5445545,2004,NA,NA,NA,99,NA,NA,0,12084,"Burkina Faso","Fada",68,76,76,NA,88,NA,NA,NA,NA,4
"Fada",840,174,0.7138727,12.23452,1997,81,104,0.7788461,2005,99,9,0.0909091,97,24,0.2474227,1,12084,"Burkina Faso","Fada",68,76,76,NA,88,NA,NA,NA,NA,4
"Fada",840,175,0.955583,12.31733,1998,34,96,0.3541667,2005,99,32,0.3232323,91,28,0.3076923,0,12084,"Burkina Faso","Fada",68,76,76,NA,88,NA,NA,NA,NA,4
"Fada",840,176,0.3171777,12.10424,1998,32,98,0.3265306,2005,NA,NA,NA,97,NA,NA,1,12084,"Burkina Faso","Fada",68,76,76,NA,88,NA,NA,NA,NA,4
"Fada",840,177,1.183317,12.08205,1995,52,96,0.5416667,2004,100,8,0.08,99,28,0.2828283,1,12084,"Burkina Faso","Fada",68,76,76,NA,88,NA,NA,NA,NA,4
"Fada",840,178,1.205956,11.95955,1996,45,96,0.46875,2004,99,9,0.0909091,101,30,0.2970297,1,12084,"Burkina Faso","Fada",68,76,76,NA,88,NA,NA,NA,NA,4
"Fada",840,179,1.126017,12.40821,1997,43,105,0.4095238,2004,102,9,0.0882353,93,22,0.2365591,1,12084,"Burkina Faso","Fada",68,76,76,NA,88,NA,NA,NA,NA,4
"Fada",840,180,1.296713,11.98776,1996,49,102,0.4803922,2005,99,6,0.0606061,97,30,0.3092783,1,12084,"Burkina Faso","Fada",68,76,76,NA,88,NA,NA,NA,NA,4
"Fada",840,181,1.075343,12.56301,1997,99,101,0.980198,2005,93,81,0.8709677,96,NA,NA,0,12084,"Burkina Faso","Fada",68,76,76,NA,88,NA,NA,NA,NA,4
"Fada",840,182,0.9060885,11.91118,1995,92,102,0.9019608,2004,98,26,0.2653061,97,31,0.3195876,1,12084,"Burkina Faso","Fada",68,76,76,NA,88,NA,NA,NA,NA,4
"Fada",840,183,0.4217457,11.92267,1995,86,96,0.8958333,2005,103,84,0.815534,101,41,0.4059406,0,12084,"Burkina Faso","Fada",68,76,76,NA,88,NA,NA,NA,NA,4
"Fada",840,184,0.297941,11.86524,1995,47,101,0.4653465,2005,95,10,0.1052632,100,31,0.31,1,12084,"Burkina Faso","Fada",68,76,76,NA,88,NA,NA,NA,NA,4
"Fada",840,185,0.2193775,12.25393,1998,76,97,0.7835051,2005,101,66,0.6534653,99,NA,NA,0,12084,"Burkina Faso","Fada",68,76,76,NA,88,NA,NA,NA,NA,4
"Fada",840,186,-0.0131693,11.96629,1998,54,101,0.5346535,2005,96,49,0.5104167,99,37,0.3737374,0,12084,"Burkina Faso","Fada",68,76,76,NA,88,NA,NA,NA,NA,4
"Gaoua",841,453,-2.961713,10.42883,1998,47,98,0.4795918,2004,103,48,0.4660194,100,45,0.45,0,17676,"Burkina Faso","Gaoua",73,86,78,74,87,NA,NA,NA,NA,5
"Gaoua",841,454,-3.507147,10.17356,1998,37,99,0.3737374,2004,99,41,0.4141414,101,41,0.4059406,0,17676,"Burkina Faso","Gaoua",73,86,78,74,87,NA,NA,NA,NA,5
"Gaoua",841,455,-3.365883,10.40286,1998,66,102,0.6470588,2004,95,22,0.2315789,99,26,0.2626263,1,17676,"Burkina Faso","Gaoua",73,86,78,74,87,NA,NA,NA,NA,5
"Gaoua",841,456,-3.459753,10.60307,1998,60,98,0.6122449,2004,105,29,0.2761905,101,33,0.3267327,1,17676,"Burkina Faso","Gaoua",73,86,78,74,87,NA,NA,NA,NA,5
"Gaoua",841,457,-3.208155,10.53189,1997,49,98,0.5,2004,105,54,0.5142857,106,37,0.3490566,0,17676,"Burkina Faso","Gaoua",73,86,78,74,87,NA,NA,NA,NA,5
"Gaoua",841,458,-3.741669,10.3689,1996,88,101,0.8712871,2004,101,12,0.1188119,101,24,0.2376238,1,17676,"Burkina Faso","Gaoua",73,86,78,74,87,NA,NA,NA,NA,5
"Gaoua",841,459,-3.053375,10.70703,1998,88,96,0.9166667,2005,103,85,0.8252427,103,45,0.4368932,0,17676,"Burkina Faso","Gaoua",73,86,78,74,87,NA,NA,NA,NA,5
"Gaoua",841,460,-3.910689,10.0806,1997,86,97,0.8865979,2005,104,82,0.7884616,101,44,0.4356436,0,17676,"Burkina Faso","Gaoua",73,86,78,74,87,NA,NA,NA,NA,5
"Gaoua",841,461,-3.596253,10.06744,1998,82,100,0.82,2005,102,74,0.7254902,101,52,0.5148515,0,17676,"Burkina Faso","Gaoua",73,86,78,74,87,NA,NA,NA,NA,5
"Gaoua",841,462,-3.004894,10.06438,1996,70,96,0.7291667,2005,100,74,0.74,104,41,0.3942308,0,17676,"Burkina Faso","Gaoua",73,86,78,74,87,NA,NA,NA,NA,5
"Gaoua",841,463,-2.978024,10.63038,1995,87,104,0.8365384,2005,99,14,0.1414141,102,NA,NA,1,17676,"Burkina Faso","Gaoua",73,86,78,74,87,NA,NA,NA,NA,5
"Gaoua",841,464,-3.214237,10.21003,1997,68,98,0.6938776,2005,96,15,0.15625,98,23,0.2346939,1,17676,"Burkina Faso","Gaoua",73,86,78,74,87,NA,NA,NA,NA,5
"Gaoua",841,465,-3.698872,10.28369,1997,51,104,0.4903846,2005,102,20,0.1960784,104,27,0.2596154,1,17676,"Burkina Faso","Gaoua",73,86,78,74,87,NA,NA,NA,NA,5
"Gaoua",841,466,-3.031915,10.24954,1996,49,104,0.4711539,2004,97,36,0.371134,100,34,0.34,0,17676,"Burkina Faso","Gaoua",73,86,78,74,87,NA,NA,NA,NA,5
"Garango",1152,95,-0.6762167,11.78072,1997,10,102,0.0980392,2004,99,25,0.2525252,98,NA,NA,0,NA,NA,NA,NA,NA,NA,NA,NA,NA,NA,NA,NA,0
"Garango",1152,96,-0.5920525,11.86135,1997,6,100,0.06,2004,106,23,0.2169811,94,36,0.3829787,0,NA,NA,NA,NA,NA,NA,NA,NA,NA,NA,NA,NA,0
"Garango",1152,97,-0.4976583,11.92212,1995,18,103,0.1747573,2004,98,35,0.3571429,101,57,0.5643564,0,NA,NA,NA,NA,NA,NA,NA,NA,NA,NA,NA,NA,0
"Gayeri",842,230,0.8858311,12.92365,1996,67,101,0.6633663,2004,100,62,0.62,97,NA,NA,0,13695,"Burkina Faso","Gayeri",60,84,79,77,99,NA,NA,NA,NA,5
"Gayeri",842,231,0.4953019,12.6702,1998,44,103,0.4271845,2004,105,46,0.4380952,99,38,0.3838384,0,13695,"Burkina Faso","Gayeri",60,84,79,77,99,NA,NA,NA,NA,5
"Gayeri",842,232,0.3171559,12.69644,1996,38,99,0.3838384,2004,98,42,0.4285714,100,35,0.35,0,13695,"Burkina Faso","Gayeri",60,84,79,77,99,NA,NA,NA,NA,5
"Gayeri",842,233,0.8500098,12.70521,1997,62,104,0.5961539,2004,100,55,0.55,100,45,0.45,0,13695,"Burkina Faso","Gayeri",60,84,79,77,99,NA,NA,NA,NA,5
"Gayeri",842,234,1.065362,12.91967,1995,60,104,0.5769231,2005,98,15,0.1530612,99,27,0.2727273,1,13695,"Burkina Faso","Gayeri",60,84,79,77,99,NA,NA,NA,NA,5
"Gayeri",842,235,0.369538,12.88841,1995,48,96,0.5,2004,103,45,0.4368932,104,38,0.3653846,0,13695,"Burkina Faso","Gayeri",60,84,79,77,99,NA,NA,NA,NA,5
"Gayeri",842,236,0.732234,12.91395,1998,100,98,0.8,2004,NA,NA,NA,98,NA,NA,1,13695,"Burkina Faso","Gayeri",60,84,79,77,99,NA,NA,NA,NA,5
"Gayeri",842,237,0.7258294,12.50787,1997,36,98,0.3673469,2004,NA,NA,NA,99,NA,NA,1,13695,"Burkina Faso","Gayeri",60,84,79,77,99,NA,NA,NA,NA,5
"Gayeri",842,238,0.5993496,12.61428,1996,38,102,0.372549,2004,99,34,0.3434343,98,33,0.3367347,0,13695,"Burkina Faso","Gayeri",60,84,79,77,99,NA,NA,NA,NA,5
"Gayeri",842,239,0.3418433,12.55246,1996,72,105,0.6857143,2004,NA,NA,NA,94,NA,NA,0,13695,"Burkina Faso","Gayeri",60,84,79,77,99,NA,NA,NA,NA,5
"Gorom",843,310,-0.3078694,14.71973,1997,33,100,0.33,2004,101,4,0.039604,103,16,0.1553398,1,14419,"Burkina Faso","Gorom",67,80,82,87,86,NA,NA,NA,NA,5
"Gorom",843,311,-0.5322235,14.91695,1998,50,97,0.5154639,2004,NA,NA,NA,102,NA,NA,0,14419,"Burkina Faso","Gorom",67,80,82,87,86,NA,NA,NA,NA,5
"Gorom",843,312,-0.5218173,14.30017,1996,97,101,0.9603961,2005,NA,NA,NA,103,NA,NA,0,14419,"Burkina Faso","Gorom",67,80,82,87,86,NA,NA,NA,NA,5
"Gorom",843,313,-0.740482,14.57532,1995,51,95,0.5368421,2005,100,7,0.07,95,23,0.2421053,1,14419,"Burkina Faso","Gorom",67,80,82,87,86,NA,NA,NA,NA,5
"Gorom",843,314,0.0053714,14.45074,1997,38,98,0.3877551,2005,NA,NA,NA,103,NA,NA,1,14419,"Burkina Faso","Gorom",67,80,82,87,86,NA,NA,NA,NA,5
"Gorom",843,315,0.1092277,14.63553,1996,32,96,0.3333333,2004,107,41,0.3831776,100,37,0.37,0,14419,"Burkina Faso","Gorom",67,80,82,87,86,NA,NA,NA,NA,5
"Gorom",843,316,-0.6398176,14.99821,1997,46,103,0.4466019,2004,95,42,0.4421053,101,NA,NA,0,14419,"Burkina Faso","Gorom",67,80,82,87,86,NA,NA,NA,NA,5
"Gorom",843,317,0.0996933,14.35592,1998,47,104,0.4519231,2004,99,41,0.4141414,99,30,0.3030303,0,14419,"Burkina Faso","Gorom",67,80,82,87,86,NA,NA,NA,NA,5
"Gorom",843,318,-0.6119985,14.70529,1996,78,99,0.7878788,2004,101,73,0.7227723,98,45,0.4591837,0,14419,"Burkina Faso","Gorom",67,80,82,87,86,NA,NA,NA,NA,5
"Gorom",843,319,-0.534965,14.14423,1997,91,104,0.875,2004,98,6,0.0612245,102,23,0.2254902,1,14419,"Burkina Faso","Gorom",67,80,82,87,86,NA,NA,NA,NA,5
"Gorom",843,320,-0.1862978,14.81865,1997,81,103,0.7864078,2005,106,16,0.1509434,104,33,0.3173077,1,14419,"Burkina Faso","Gorom",67,80,82,87,86,NA,NA,NA,NA,5
"Gorom",843,321,0.0919763,14.86878,1996,41,103,0.3980583,2004,103,42,0.407767,95,41,0.4315789,0,14419,"Burkina Faso","Gorom",67,80,82,87,86,NA,NA,NA,NA,5
"Gorom",843,322,-0.5459406,14.47942,1996,42,98,0.4285714,2004,105,14,0.1333333,101,26,0.2574258,1,14419,"Burkina Faso","Gorom",67,80,82,87,86,NA,NA,NA,NA,5
"Gorom",843,323,-0.9211101,14.81981,1995,51,102,0.5,2005,105,7,0.0666667,100,NA,NA,1,14419,"Burkina Faso","Gorom",67,80,82,87,86,NA,NA,NA,NA,5
"Gorom",843,324,-0.1661367,14.95928,1997,50,96,0.5208333,2005,NA,NA,NA,99,NA,NA,1,14419,"Burkina Faso","Gorom",67,80,82,87,86,NA,NA,NA,NA,5
"Gorom",843,325,-0.371749,14.4349,1997,25,102,0.245098,2004,102,7,0.0686275,98,19,0.1938775,1,14419,"Burkina Faso","Gorom",67,80,82,87,86,NA,NA,NA,NA,5
"Gorom",843,326,0.1108067,14.52585,1998,36,96,0.375,2004,103,24,0.2330097,101,26,0.2574258,1,14419,"Burkina Faso","Gorom",67,80,82,87,86,NA,NA,NA,NA,5
"Gorom",843,327,-0.1986584,14.5245,1998,38,100,0.38,2005,100,41,0.41,98,36,0.3673469,0,14419,"Burkina Faso","Gorom",67,80,82,87,86,NA,NA,NA,NA,5
"Gorom",843,328,-0.09028,14.41595,1996,39,96,0.40625,2004,102,26,0.254902,103,NA,NA,1,14419,"Burkina Faso","Gorom",67,80,82,87,86,NA,NA,NA,NA,5
"Gorom",843,329,-0.3670354,14.23396,1997,46,97,0.4742268,2004,100,8,0.08,100,NA,NA,1,14419,"Burkina Faso","Gorom",67,80,82,87,86,NA,NA,NA,NA,5
"Gourcy",844,102,-2.147921,13.06953,1998,5,98,0.0510204,2004,102,20,0.1960784,93,34,0.3655914,1,NA,NA,NA,NA,NA,NA,NA,NA,NA,NA,NA,NA,0
"Gourcy",844,103,-2.317689,13.22156,1996,3,100,0.03,2005,97,23,0.2371134,96,37,0.3854167,1,NA,NA,NA,NA,NA,NA,NA,NA,NA,NA,NA,NA,0
"Gourcy",844,104,-2.191817,13.22628,1996,11,101,0.1089109,2005,102,32,0.3137255,98,58,0.5918368,0,NA,NA,NA,NA,NA,NA,NA,NA,NA,NA,NA,NA,0
"Gourcy",844,105,-2.365296,13.30624,1995,19,104,0.1826923,2005,100,25,0.25,94,39,0.4148936,1,NA,NA,NA,NA,NA,NA,NA,NA,NA,NA,NA,NA,0
"Hounde",845,356,-3.836609,11.58106,1995,8,100,0.08,2004,98,19,0.1938775,101,49,0.4851485,0,NA,NA,NA,NA,NA,NA,NA,NA,NA,NA,NA,NA,0
"Hounde",845,357,-3.537453,11.57368,1996,19,96,0.1979167,2004,97,32,0.3298969,102,52,0.509804,0,NA,NA,NA,NA,NA,NA,NA,NA,NA,NA,NA,NA,0
"Hounde",845,358,-2.888465,11.31317,1995,5,101,0.049505,2005,102,33,0.3235294,98,NA,NA,1,NA,NA,NA,NA,NA,NA,NA,NA,NA,NA,NA,NA,0
"Hounde",845,359,-3.389999,11.28696,1995,6,104,0.0576923,2005,NA,NA,NA,104,NA,NA,1,NA,NA,NA,NA,NA,NA,NA,NA,NA,NA,NA,NA,0
"Hounde",845,360,-3.700023,11.73224,1998,15,98,0.1530612,2005,101,36,0.3564357,95,57,0.6,0,NA,NA,NA,NA,NA,NA,NA,NA,NA,NA,NA,NA,0
"Hounde",845,361,-3.740331,11.15736,1997,12,102,0.1176471,2005,100,38,0.38,97,NA,NA,0,NA,NA,NA,NA,NA,NA,NA,NA,NA,NA,NA,NA,0
"Hounde",845,362,-3.634375,11.42928,1996,16,100,0.16,2005,97,37,0.3814433,96,55,0.5729167,0,NA,NA,NA,NA,NA,NA,NA,NA,NA,NA,NA,NA,0
"Hounde",845,363,-3.630031,10.98156,1996,4,104,0.0384615,2005,104,24,0.2307692,96,41,0.4270833,0,NA,NA,NA,NA,NA,NA,NA,NA,NA,NA,NA,NA,0
"Hounde",845,364,-3.721978,11.60689,1997,2,97,0.0206186,2004,101,26,0.2574258,101,42,0.4158416,1,NA,NA,NA,NA,NA,NA,NA,NA,NA,NA,NA,NA,0
"Hounde",845,365,-3.656339,11.23707,1996,16,104,0.1538462,2004,99,32,0.3232323,94,NA,NA,1,NA,NA,NA,NA,NA,NA,NA,NA,NA,NA,NA,NA,0
"Hounde",845,366,-3.334465,11.2065,1996,8,96,0.0833333,2005,NA,NA,NA,94,NA,NA,1,NA,NA,NA,NA,NA,NA,NA,NA,NA,NA,NA,NA,0
"Karangasso Vigue",1172,397,-3.961099,10.76318,1996,19,99,0.1919192,2005,NA,NA,NA,95,NA,NA,0,NA,NA,NA,NA,NA,NA,NA,NA,NA,NA,NA,NA,0
"Karangasso Vigue",1172,398,-4.044093,10.83231,1998,11,98,0.1122449,2004,99,29,0.2929293,100,52,0.52,1,NA,NA,NA,NA,NA,NA,NA,NA,NA,NA,NA,NA,0
"Karangasso Vigue",1172,399,-3.855108,11.12581,1998,9,95,0.0947368,2004,100,21,0.21,100,42,0.42,1,NA,NA,NA,NA,NA,NA,NA,NA,NA,NA,NA,NA,0
"Karangasso Vigue",1172,400,-3.791765,10.86795,1997,19,100,0.19,2005,101,41,0.4059406,99,60,0.6060606,1,NA,NA,NA,NA,NA,NA,NA,NA,NA,NA,NA,NA,0
"Kaya",846,76,-1.487853,13.0262,1998,42,104,0.4038461,2005,NA,NA,NA,105,NA,NA,1,9989,"Burkina Faso","Kaya",70,79,88,86,99,NA,NA,NA,NA,5
"Kaya",846,77,-0.755496,12.81335,1995,69,105,0.6571429,2004,99,14,0.1414141,98,24,0.244898,1,9989,"Burkina Faso","Kaya",70,79,88,86,99,NA,NA,NA,NA,5
"Kaya",846,78,-0.9183596,13.02377,1996,72,96,0.75,2005,93,24,0.2580645,96,31,0.3229167,1,9989,"Burkina Faso","Kaya",70,79,88,86,99,NA,NA,NA,NA,5
"Kaya",846,79,-1.00628,12.89643,1997,88,100,0.88,2005,98,16,0.1632653,93,24,0.2580645,1,9989,"Burkina Faso","Kaya",70,79,88,86,99,NA,NA,NA,NA,5
"Kaya",846,80,-0.9587547,12.78927,1995,38,100,0.38,2004,100,6,0.06,98,18,0.1836735,1,9989,"Burkina Faso","Kaya",70,79,88,86,99,NA,NA,NA,NA,5
"Kaya",846,81,-0.9517702,13.34362,1997,56,105,0.5333334,2004,99,8,0.0808081,98,23,0.2346939,1,9989,"Burkina Faso","Kaya",70,79,88,86,99,NA,NA,NA,NA,5
"Kaya",846,82,-1.217866,13.03464,1998,58,104,0.5576923,2004,98,6,0.0612245,101,31,0.3069307,1,9989,"Burkina Faso","Kaya",70,79,88,86,99,NA,NA,NA,NA,5
"Kaya",846,83,-0.7763419,13.39173,1998,80,98,0.8163266,2005,103,1,0.0097087,94,17,0.1808511,1,9989,"Burkina Faso","Kaya",70,79,88,86,99,NA,NA,NA,NA,5
"Kaya",846,84,-0.9685504,13.10373,1995,99,104,0.9519231,2005,100,7,0.07,93,28,0.3010753,1,9989,"Burkina Faso","Kaya",70,79,88,86,99,NA,NA,NA,NA,5
"Kaya",846,85,-1.079677,12.67405,1996,67,103,0.6504855,2005,NA,NA,NA,99,NA,NA,1,9989,"Burkina Faso","Kaya",70,79,88,86,99,NA,NA,NA,NA,5
"Kaya",846,86,-0.8501187,12.86742,1996,77,100,0.77,2005,103,20,0.1941748,93,NA,NA,1,9989,"Burkina Faso","Kaya",70,79,88,86,99,NA,NA,NA,NA,5
"Kombissiri",847,114,-1.488835,11.80036,1997,1,95,0.0105263,2005,99,37,0.3737374,98,52,0.5306122,0,NA,NA,NA,NA,NA,NA,NA,NA,NA,NA,NA,NA,0
"Kombissiri",847,115,-1.254253,11.79735,1998,9,95,0.0947368,2005,99,26,0.2626263,97,40,0.4123711,0,NA,NA,NA,NA,NA,NA,NA,NA,NA,NA,NA,NA,0
"Kombissiri",847,116,-1.015097,12.00703,1995,5,99,0.050505,2005,NA,NA,NA,101,NA,NA,0,NA,NA,NA,NA,NA,NA,NA,NA,NA,NA,NA,NA,0
"Kombissiri",847,117,-1.343899,11.82773,1998,3,103,0.0291262,2005,98,20,0.2040816,99,35,0.3535354,0,NA,NA,NA,NA,NA,NA,NA,NA,NA,NA,NA,NA,0
"Kombissiri",847,118,-1.55687,11.92393,1996,4,103,0.038835,2004,94,24,0.2553191,105,NA,NA,0,NA,NA,NA,NA,NA,NA,NA,NA,NA,NA,NA,NA,0
"Kongoussi",848,138,-1.666735,13.54154,1997,33,100,0.33,2004,99,5,0.050505,99,31,0.3131313,1,11767,"Burkina Faso","Kongoussi",77,84,NA,74,92,2002,98,32,0.3265306,4
"Kongoussi",848,139,-1.631113,13.15042,1998,66,99,0.6666667,2004,98,13,0.1326531,99,33,0.3333333,1,11767,"Burkina Faso","Kongoussi",77,84,NA,74,92,NA,NA,NA,NA,4
"Kongoussi",848,140,-1.786961,13.38102,1997,29,104,0.2788461,2005,101,11,0.1089109,95,19,0.2,1,11767,"Burkina Faso","Kongoussi",77,84,NA,74,92,NA,NA,NA,NA,4
"Kongoussi",848,141,-1.618237,13.70906,1996,87,98,0.8877551,2005,96,74,0.7708333,99,40,0.4040404,0,11767,"Burkina Faso","Kongoussi",77,84,NA,74,92,2002,98,71,0.7244898,4
"Kongoussi",848,142,-1.576556,13.07645,1997,36,98,0.3673469,2004,103,43,0.4174757,95,30,0.3157895,0,11767,"Burkina Faso","Kongoussi",77,84,NA,74,92,NA,NA,NA,NA,4
"Kongoussi",848,143,-1.554388,13.24737,1998,34,102,0.3333333,2004,99,30,0.3030303,102,25,0.245098,0,11767,"Burkina Faso","Kongoussi",77,84,NA,74,92,2002,98,31,0.3163265,4
"Kongoussi",848,144,-1.772269,13.28504,1996,32,101,0.3168317,2005,101,17,0.1683168,101,34,0.3366337,1,11767,"Burkina Faso","Kongoussi",77,84,NA,74,92,2002,99,38,0.3838384,4
"Kongoussi",848,145,-1.562411,13.33887,1998,64,102,0.627451,2005,101,65,0.6435643,99,38,0.3838384,0,11767,"Burkina Faso","Kongoussi",77,84,NA,74,92,2002,99,47,0.4747475,4
"Koudougou",850,49,-2.048013,12.22606,1995,18,100,0.18,2004,NA,NA,NA,93,NA,NA,0,NA,NA,NA,NA,NA,NA,NA,NA,NA,NA,NA,NA,0
"Koudougou",850,50,-2.090121,12.07531,1996,18,102,0.1764706,2004,97,22,0.2268041,102,44,0.4313726,1,NA,NA,NA,NA,NA,NA,NA,NA,NA,NA,NA,NA,0
"Koudougou",850,51,-2.210593,12.35387,1996,10,101,0.0990099,2004,97,27,0.2783505,97,45,0.4639175,1,NA,NA,NA,NA,NA,NA,NA,NA,NA,NA,NA,NA,0
"Koudougou",850,52,-2.229744,12.19199,1997,12,101,0.1188119,2005,98,24,0.244898,100,40,0.4,0,NA,NA,NA,NA,NA,NA,NA,NA,NA,NA,NA,NA,0
"Koudougou",850,53,-2.409715,12.17553,1997,5,97,0.0515464,2005,99,29,0.2929293,100,49,0.49,0,NA,NA,NA,NA,NA,NA,NA,NA,NA,NA,NA,NA,0
"Koupela",851,91,-0.4514576,11.92971,1996,18,96,0.1875,2004,101,40,0.3960396,105,60,0.5714286,1,NA,NA,NA,NA,NA,NA,NA,NA,NA,NA,NA,NA,0
"Koupela",851,92,-0.2461843,12.09924,1995,17,103,0.1650485,2004,102,42,0.4117647,98,61,0.622449,1,NA,NA,NA,NA,NA,NA,NA,NA,NA,NA,NA,NA,0
"Koupela",851,93,-0.0126475,12.1092,1997,12,104,0.1153846,2004,93,26,0.2795699,97,37,0.3814433,1,NA,NA,NA,NA,NA,NA,NA,NA,NA,NA,NA,NA,0
"Koupela",851,94,-0.2771111,12.19737,1995,4,101,0.039604,2004,102,15,0.1470588,99,37,0.3737374,1,NA,NA,NA,NA,NA,NA,NA,NA,NA,NA,NA,NA,0
"Lena",1173,401,-4.042335,11.62815,1998,7,102,0.0686275,2005,97,27,0.2783505,101,60,0.5940594,0,NA,NA,NA,NA,NA,NA,NA,NA,NA,NA,NA,NA,0
"Lena",1173,402,-4.046721,11.73443,1995,19,105,0.1809524,2004,101,26,0.2574258,100,43,0.43,0,NA,NA,NA,NA,NA,NA,NA,NA,NA,NA,NA,NA,0
"Lena",1173,403,-4.122114,11.46671,1996,18,102,0.1764706,2004,100,33,0.33,100,52,0.52,0,NA,NA,NA,NA,NA,NA,NA,NA,NA,NA,NA,NA,0
"Lena",1173,404,-4.13226,11.67005,1998,5,98,0.0510204,2005,97,29,0.2989691,101,49,0.4851485,1,NA,NA,NA,NA,NA,NA,NA,NA,NA,NA,NA,NA,0
"Leo",852,12,-1.978242,11.08559,1996,74,100,0.74,2005,100,22,0.22,101,NA,NA,1,5485,"Burkina Faso","Leo",NA,85,90,90,95,NA,NA,NA,NA,4
"Leo",852,13,-1.672012,11.13592,1997,43,104,0.4134615,2004,98,18,0.1836735,97,27,0.2783505,1,5485,"Burkina Faso","Leo",NA,85,90,90,95,NA,NA,NA,NA,4
"Leo",852,14,-2.257872,11.81955,1998,60,104,0.5769231,2004,103,12,0.1165049,99,NA,NA,1,5485,"Burkina Faso","Leo",NA,85,90,90,95,NA,NA,NA,NA,4
"Leo",852,15,-2.200938,11.25317,1998,48,95,0.5052631,2005,NA,NA,NA,99,NA,NA,1,5485,"Burkina Faso","Leo",NA,85,90,90,95,NA,NA,NA,NA,4
"Leo",852,16,-2.282239,11.29531,1998,61,105,0.5809524,2005,98,9,0.0918367,101,26,0.2574258,1,5485,"Burkina Faso","Leo",NA,85,90,90,95,NA,NA,NA,NA,4
"Leo",852,17,-1.414298,11.02237,1998,30,105,0.2857143,2004,NA,NA,NA,99,NA,NA,1,5485,"Burkina Faso","Leo",NA,85,90,90,95,NA,NA,NA,NA,4
"Leo",852,18,-2.452539,11.16415,1997,73,98,0.744898,2004,97,0,0,98,22,0.2244898,1,5485,"Burkina Faso","Leo",NA,85,90,90,95,NA,NA,NA,NA,4
"Leo",852,19,-1.806764,11.14515,1997,75,104,0.7211539,2004,94,20,0.212766,100,24,0.24,1,5485,"Burkina Faso","Leo",NA,85,90,90,95,NA,NA,NA,NA,4
"Leo",852,20,-1.995874,11.26709,1996,53,101,0.5247525,2005,97,10,0.1030928,101,23,0.2277228,1,5485,"Burkina Faso","Leo",NA,85,90,90,95,NA,NA,NA,NA,4
"Leo",852,21,-2.265728,11.16232,1997,54,98,0.5510204,2004,96,16,0.1666667,99,28,0.2828283,1,5485,"Burkina Faso","Leo",NA,85,90,90,95,NA,NA,NA,NA,4
"Leo",852,22,-2.162399,11.37121,1996,65,103,0.6310679,2004,NA,NA,NA,103,NA,NA,1,5485,"Burkina Faso","Leo",NA,85,90,90,95,NA,NA,NA,NA,4
"Leo",852,23,-2.58571,11.22391,1995,83,103,0.8058252,2004,98,5,0.0510204,98,20,0.2040816,1,5485,"Burkina Faso","Leo",NA,85,90,90,95,NA,NA,NA,NA,4
"Leo",852,24,-1.963768,11.17836,1996,100,97,0.8,2005,NA,NA,NA,103,NA,NA,1,5485,"Burkina Faso","Leo",NA,85,90,90,95,NA,NA,NA,NA,4
"Leo",852,25,-2.118468,11.02996,1998,94,100,0.94,2005,95,19,0.2,100,29,0.29,1,5485,"Burkina Faso","Leo",NA,85,90,90,95,NA,NA,NA,NA,4
"Manga",853,119,-0.8057165,11.19612,1997,38,98,0.3877551,2005,101,39,0.3861386,104,NA,NA,0,11727,"Burkina Faso","Manga",79,85,83,89,98,NA,NA,NA,NA,5
"Manga",853,120,-0.7621291,11.39617,1997,66,95,0.6947368,2005,NA,NA,NA,97,NA,NA,1,11727,"Burkina Faso","Manga",79,85,83,89,98,NA,NA,NA,NA,5
"Manga",853,121,-1.129166,11.58805,1996,93,96,0.96875,2004,NA,NA,NA,100,NA,NA,1,11727,"Burkina Faso","Manga",79,85,83,89,98,NA,NA,NA,NA,5
"Manga",853,122,-1.219701,11.6354,1996,94,101,0.9306931,2005,97,13,0.1340206,98,NA,NA,1,11727,"Burkina Faso","Manga",79,85,83,89,98,NA,NA,NA,NA,5
"Manga",853,123,-0.8999099,11.51151,1997,82,101,0.8118812,2004,104,72,0.6923077,103,34,0.3300971,0,11727,"Burkina Faso","Manga",79,85,83,89,98,2003,99,51,0.5151515,5
"Manga",853,124,-1.007556,11.86414,1998,89,101,0.8811881,2004,99,15,0.1515152,93,26,0.2795699,1,11727,"Burkina Faso","Manga",79,85,83,89,98,NA,NA,NA,NA,5
"Manga",853,125,-0.7628182,11.28769,1998,49,104,0.4711539,2005,102,47,0.4607843,102,NA,NA,0,11727,"Burkina Faso","Manga",79,85,83,89,98,NA,NA,NA,NA,5
"Mangodara",1174,467,-3.918833,10.40235,1998,81,96,0.84375,2005,NA,NA,NA,101,NA,NA,1,17677,"Burkina Faso","Mangodara",71,83,78,86,83,2000,97,44,0.4536082,5
"Mangodara",1174,468,-4.417089,10.56901,1996,31,101,0.3069307,2004,99,14,0.1414141,103,28,0.2718447,1,17677,"Burkina Faso","Mangodara",71,83,78,86,83,NA,NA,NA,NA,5
"Mangodara",1174,469,-3.788383,10.23088,1996,88,95,0.9263158,2005,100,13,0.13,97,NA,NA,1,17677,"Burkina Faso","Mangodara",71,83,78,86,83,NA,NA,NA,NA,5
"Mangodara",1174,470,-4.535291,10.08329,1998,100,96,0.8,2004,102,29,0.2843137,100,36,0.36,1,17677,"Burkina Faso","Mangodara",71,83,78,86,83,2000,97,44,0.4536082,5
"Mangodara",1174,471,-4.101553,10.75101,1997,72,103,0.6990291,2005,100,5,0.05,105,26,0.247619,1,17677,"Burkina Faso","Mangodara",71,83,78,86,83,NA,NA,NA,NA,5
"Mangodara",1174,472,-4.604038,10.00491,1998,31,104,0.2980769,2004,96,1,0.0104167,99,23,0.2323232,1,17677,"Burkina Faso","Mangodara",71,83,78,86,83,NA,NA,NA,NA,5
"Mangodara",1174,473,-4.346524,9.725343,1995,100,95,0.8,2004,NA,NA,NA,97,NA,NA,1,17677,"Burkina Faso","Mangodara",71,83,78,86,83,2000,99,35,0.3535354,5
"Mangodara",1174,474,-4.221596,10.064,1998,37,98,0.377551,2005,100,13,0.13,103,25,0.2427184,1,17677,"Burkina Faso","Mangodara",71,83,78,86,83,NA,NA,NA,NA,5
"Mangodara",1174,475,-3.77892,10.81841,1998,70,104,0.6730769,2005,98,19,0.1938775,102,29,0.2843137,1,17677,"Burkina Faso","Mangodara",71,83,78,86,83,NA,NA,NA,NA,5
"Mangodara",1174,476,-4.009216,10.03394,1998,68,99,0.6868687,2005,99,10,0.1010101,107,22,0.2056075,1,17677,"Burkina Faso","Mangodara",71,83,78,86,83,NA,NA,NA,NA,5
"Mangodara",1174,477,-4.452017,10.3624,1998,78,102,0.7647059,2004,93,14,0.1505376,100,26,0.26,1,17677,"Burkina Faso","Mangodara",71,83,78,86,83,NA,NA,NA,NA,5
"Mangodara",1174,478,-4.224494,9.80657,1998,94,96,0.9791667,2004,NA,NA,NA,99,NA,NA,1,17677,"Burkina Faso","Mangodara",71,83,78,86,83,NA,NA,NA,NA,5
"Mangodara",1174,479,-3.948929,10.1698,1996,83,96,0.8645833,2004,99,16,0.1616162,100,26,0.26,1,17677,"Burkina Faso","Mangodara",71,83,78,86,83,NA,NA,NA,NA,5
"Mangodara",1174,480,-4.273909,10.37392,1996,81,97,0.8350515,2004,99,9,0.0909091,102,16,0.1568628,1,17677,"Burkina Faso","Mangodara",71,83,78,86,83,NA,NA,NA,NA,5
"Mangodara",1174,481,-4.429584,10.67424,1998,70,100,0.7,2004,93,13,0.1397849,107,29,0.271028,1,17677,"Burkina Faso","Mangodara",71,83,78,86,83,2000,99,37,0.3737374,5
"Mangodara",1174,482,-3.834369,10.68116,1997,35,104,0.3365385,2005,NA,NA,NA,99,NA,NA,1,17677,"Burkina Faso","Mangodara",71,83,78,86,83,NA,NA,NA,NA,5
"Mangodara",1174,483,-3.999933,9.850444,1995,28,103,0.2718447,2004,NA,NA,NA,94,NA,NA,1,17677,"Burkina Faso","Mangodara",71,83,78,86,83,2000,96,46,0.4791667,5
"Manni",1155,199,-0.0036492,13.12995,1997,78,105,0.7428572,2004,NA,NA,NA,97,NA,NA,1,12978,"Burkina Faso","Manni",NA,90,79,91,100,NA,NA,NA,NA,4
"Manni",1155,200,-0.2269789,13.13293,1997,34,99,0.3434343,2004,100,10,0.1,99,NA,NA,1,12978,"Burkina Faso","Manni",NA,90,79,91,100,NA,NA,NA,NA,4
"Manni",1155,201,-0.1556727,13.52612,1996,40,98,0.4081633,2004,102,7,0.0686275,100,28,0.28,1,12978,"Burkina Faso","Manni",NA,90,79,91,100,NA,NA,NA,NA,4
"Manni",1155,202,-0.0053599,13.24658,1996,41,99,0.4141414,2004,102,19,0.1862745,97,26,0.2680412,1,12978,"Burkina Faso","Manni",NA,90,79,91,100,NA,NA,NA,NA,4
"Manni",1155,203,0.1106713,13.24913,1997,36,96,0.375,2005,100,9,0.09,99,20,0.2020202,1,12978,"Burkina Faso","Manni",NA,90,79,91,100,NA,NA,NA,NA,4
"Nanoro",854,54,-2.328221,12.39495,1996,11,104,0.1057692,2004,NA,NA,NA,99,NA,NA,1,NA,NA,NA,NA,NA,NA,NA,NA,NA,NA,NA,NA,0
"Nanoro",854,55,-1.912033,12.56849,1995,8,100,0.08,2004,97,28,0.2886598,103,51,0.4951456,0,NA,NA,NA,NA,NA,NA,NA,NA,NA,NA,NA,NA,0
"Nanoro",854,56,-2.149224,12.40859,1998,15,96,0.15625,2005,94,42,0.4468085,105,69,0.6571429,0,NA,NA,NA,NA,NA,NA,NA,NA,NA,NA,NA,NA,0
"Nanoro",854,57,-2.169226,12.66873,1998,2,95,0.0210526,2005,102,34,0.3333333,98,44,0.4489796,1,NA,NA,NA,NA,NA,NA,NA,NA,NA,NA,NA,NA,0
"Nouna",855,342,-4.048027,12.40071,1996,55,99,0.5555556,2005,NA,NA,NA,100,NA,NA,0,15036,"Burkina Faso","Nouna",67,86,NA,88,86,NA,NA,NA,NA,4
"Nouna",855,343,-3.665141,13.08208,1998,81,98,0.8265306,2005,106,3,0.0283019,99,23,0.2323232,1,15036,"Burkina Faso","Nouna",67,86,NA,88,86,2001,100,51,0.51,4
"Nouna",855,344,-4.000457,12.53563,1997,55,100,0.55,2005,99,52,0.5252525,92,31,0.3369565,0,15036,"Burkina Faso","Nouna",67,86,NA,88,86,2001,102,68,0.6666667,4
"Nouna",855,345,-3.563424,12.53513,1997,41,105,0.3904762,2005,92,33,0.3586957,98,34,0.3469388,0,15036,"Burkina Faso","Nouna",67,86,NA,88,86,2001,106,54,0.509434,4
"Nouna",855,346,-3.740391,12.86035,1996,45,104,0.4326923,2004,103,38,0.368932,99,26,0.2626263,0,15036,"Burkina Faso","Nouna",67,86,NA,88,86,NA,NA,NA,NA,4
"Nouna",855,347,-4.226079,13.2127,1997,84,104,0.8076923,2004,98,9,0.0918367,104,26,0.25,1,15036,"Burkina Faso","Nouna",67,86,NA,88,86,NA,NA,NA,NA,4
"Nouna",855,348,-4.0813,12.59072,1998,49,101,0.4851485,2005,98,51,0.5204082,95,NA,NA,0,15036,"Burkina Faso","Nouna",67,86,NA,88,86,2001,103,75,0.7281553,4
"Nouna",855,349,-3.930655,12.86642,1995,72,96,0.75,2005,99,65,0.6565657,102,42,0.4117647,0,15036,"Burkina Faso","Nouna",67,86,NA,88,86,NA,NA,NA,NA,4
"Nouna",855,350,-3.953647,13.32154,1997,28,104,0.2692308,2005,101,13,0.1287129,96,23,0.2395833,1,15036,"Burkina Faso","Nouna",67,86,NA,88,86,NA,NA,NA,NA,4
"Nouna",855,351,-3.976255,12.70319,1998,69,96,0.71875,2004,103,19,0.184466,99,NA,NA,1,15036,"Burkina Faso","Nouna",67,86,NA,88,86,2001,101,45,0.4455445,4
"Nouna",855,352,-3.497669,12.88373,1996,98,100,0.98,2005,99,87,0.8787879,97,45,0.4639175,0,15036,"Burkina Faso","Nouna",67,86,NA,88,86,2001,98,77,0.7857143,4
"Nouna",855,353,-3.853971,12.81367,1997,80,97,0.8247423,2005,NA,NA,NA,97,NA,NA,1,15036,"Burkina Faso","Nouna",67,86,NA,88,86,NA,NA,NA,NA,4
"Nouna",855,354,-3.555937,13.02264,1996,26,102,0.254902,2005,106,25,0.2358491,102,27,0.2647059,0,15036,"Burkina Faso","Nouna",67,86,NA,88,86,NA,NA,NA,NA,4
"Nouna",855,355,-3.654472,12.90052,1998,66,101,0.6534653,2004,99,21,0.2121212,99,29,0.2929293,1,15036,"Burkina Faso","Nouna",67,86,NA,88,86,2001,93,36,0.3870968,4
"Orodara",856,432,-4.999079,11.77693,1997,86,105,0.8190476,2004,100,68,0.68,98,40,0.4081633,0,17674,"Burkina Faso","Orodara",78,83,80,NA,83,NA,NA,NA,NA,4
"Orodara",856,433,-4.787364,11.30987,1997,76,95,0.8,2004,102,75,0.7352941,100,NA,NA,0,17674,"Burkina Faso","Orodara",78,83,80,NA,83,NA,NA,NA,NA,4
"Orodara",856,434,-5.195898,11.06266,1998,46,103,0.4466019,2005,99,48,0.4848485,101,NA,NA,0,17674,"Burkina Faso","Orodara",78,83,80,NA,83,NA,NA,NA,NA,4
"Orodara",856,435,-4.914837,11.18332,1998,36,105,0.3428572,2005,98,11,0.1122449,104,NA,NA,1,17674,"Burkina Faso","Orodara",78,83,80,NA,83,2000,98,48,0.4897959,4
"Orodara",856,436,-4.837977,11.46194,1996,73,105,0.6952381,2005,100,14,0.14,98,30,0.3061225,1,17674,"Burkina Faso","Orodara",78,83,80,NA,83,NA,NA,NA,NA,4
"Orodara",856,437,-5.046844,11.46269,1998,61,103,0.592233,2004,103,55,0.5339806,99,38,0.3838384,0,17674,"Burkina Faso","Orodara",78,83,80,NA,83,NA,NA,NA,NA,4
"Orodara",856,438,-4.888093,11.33722,1996,73,98,0.744898,2005,103,60,0.5825243,102,36,0.3529412,0,17674,"Burkina Faso","Orodara",78,83,80,NA,83,NA,NA,NA,NA,4
"Orodara",856,439,-5.118471,11.68934,1995,96,99,0.969697,2005,97,79,0.814433,102,45,0.4411765,0,17674,"Burkina Faso","Orodara",78,83,80,NA,83,NA,NA,NA,NA,4
"Orodara",856,440,-5.062209,11.014,1997,91,105,0.8666667,2004,97,79,0.814433,98,NA,NA,0,17674,"Burkina Faso","Orodara",78,83,80,NA,83,2000,96,63,0.65625,4
"Orodara",856,441,-4.834865,11.86612,1997,83,101,0.8217822,2004,102,76,0.7450981,98,43,0.4387755,0,17674,"Burkina Faso","Orodara",78,83,80,NA,83,2000,100,64,0.64,4
"Orodara",856,442,-5.060925,11.32309,1997,70,99,0.7070707,2004,94,57,0.606383,99,39,0.3939394,0,17674,"Burkina Faso","Orodara",78,83,80,NA,83,2000,102,57,0.5588235,4
"Orodara",856,443,-5.094303,10.88475,1998,40,99,0.4040404,2004,97,9,0.0927835,104,37,0.3557692,1,17674,"Burkina Faso","Orodara",78,83,80,NA,83,NA,NA,NA,NA,4
"Orodara",856,444,-5.166738,11.30079,1996,81,102,0.7941176,2004,97,10,0.1030928,96,NA,NA,1,17674,"Burkina Faso","Orodara",78,83,80,NA,83,NA,NA,NA,NA,4
"Orodara",856,445,-4.815079,11.17954,1996,30,101,0.2970297,2005,99,34,0.3434343,98,23,0.2346939,0,17674,"Burkina Faso","Orodara",78,83,80,NA,83,NA,NA,NA,NA,4
"Orodara",856,446,-4.780282,11.77894,1998,64,105,0.6095238,2005,NA,NA,NA,98,NA,NA,1,17674,"Burkina Faso","Orodara",78,83,80,NA,83,NA,NA,NA,NA,4
"Ouahigouya",857,273,-2.383337,14.00338,1998,100,95,0.8,2005,101,92,0.9108911,103,35,0.3398058,0,14417,"Burkina Faso","Ouahigouya",75,76,87,90,90,NA,NA,NA,NA,5
"Ouahigouya",857,274,-2.517382,14.06061,1996,93,102,0.9117647,2004,97,4,0.0412371,101,NA,NA,1,14417,"Burkina Faso","Ouahigouya",75,76,87,90,90,NA,NA,NA,NA,5
"Ouahigouya",857,275,-2.762573,13.72894,1995,61,98,0.622449,2005,104,57,0.5480769,98,40,0.4081633,0,14417,"Burkina Faso","Ouahigouya",75,76,87,90,90,NA,NA,NA,NA,5
"Ouahigouya",857,276,-2.322756,13.48068,1997,83,103,0.8058252,2004,96,72,0.75,99,NA,NA,0,14417,"Burkina Faso","Ouahigouya",75,76,87,90,90,NA,NA,NA,NA,5
"Ouahigouya",857,277,-2.854143,13.70615,1998,95,95,0.8,2005,104,91,0.875,101,51,0.5049505,0,14417,"Burkina Faso","Ouahigouya",75,76,87,90,90,NA,NA,NA,NA,5
"Ouahigouya",857,278,-2.597224,13.62661,1995,26,104,0.25,2005,95,32,0.3368421,97,32,0.3298969,0,14417,"Burkina Faso","Ouahigouya",75,76,87,90,90,NA,NA,NA,NA,5
"Ouahigouya",857,279,-2.34749,14.13241,1996,59,103,0.5728155,2004,101,14,0.1386139,102,NA,NA,1,14417,"Burkina Faso","Ouahigouya",75,76,87,90,90,NA,NA,NA,NA,5
"Ouahigouya",857,280,-2.581693,13.93469,1997,98,105,0.9333333,2004,NA,NA,NA,95,NA,NA,0,14417,"Burkina Faso","Ouahigouya",75,76,87,90,90,NA,NA,NA,NA,5
"Ouahigouya",857,281,-2.42645,13.55524,1997,86,103,0.8349515,2004,103,80,0.776699,100,47,0.47,0,14417,"Burkina Faso","Ouahigouya",75,76,87,90,90,NA,NA,NA,NA,5
"Ouahigouya",857,282,-2.254162,13.7947,1997,64,95,0.6736842,2005,100,14,0.14,97,NA,NA,1,14417,"Burkina Faso","Ouahigouya",75,76,87,90,90,NA,NA,NA,NA,5
"Ouahigouya",857,283,-2.419282,14.28039,1997,83,97,0.8556701,2005,96,77,0.8020833,98,28,0.2857143,0,14417,"Burkina Faso","Ouahigouya",75,76,87,90,90,NA,NA,NA,NA,5
"Ouahigouya",857,284,-2.505079,14.22691,1997,82,97,0.8453608,2005,99,11,0.1111111,100,16,0.16,1,14417,"Burkina Faso","Ouahigouya",75,76,87,90,90,NA,NA,NA,NA,5
"Ouahigouya",857,285,-2.366446,13.65801,1996,29,103,0.2815534,2005,103,28,0.2718447,104,38,0.3653846,0,14417,"Burkina Faso","Ouahigouya",75,76,87,90,90,NA,NA,NA,NA,5
"Ouargaye",858,497,0.1369151,11.31578,1995,57,103,0.5533981,2004,101,49,0.4851485,95,41,0.4315789,0,17679,"Burkina Faso","Ouargaye",70,79,77,89,88,2003,102,64,0.627451,5
"Ouargaye",858,498,0.5105549,11.2487,1995,30,97,0.3092783,2004,102,26,0.254902,99,30,0.3030303,0,17679,"Burkina Faso","Ouargaye",70,79,77,89,88,NA,NA,NA,NA,5
"Ouargaye",858,499,0.4869401,11.1021,1995,84,101,0.8316832,2004,102,74,0.7254902,105,57,0.5428572,0,17679,"Burkina Faso","Ouargaye",70,79,77,89,88,NA,NA,NA,NA,5
"Ouargaye",858,500,0.229318,11.69304,1998,40,101,0.3960396,2005,102,40,0.3921569,95,36,0.3789474,0,17679,"Burkina Faso","Ouargaye",70,79,77,89,88,2003,99,47,0.4747475,5
"Ouargaye",858,501,0.3908338,11.19894,1996,86,96,0.8958333,2004,NA,NA,NA,99,NA,NA,1,17679,"Burkina Faso","Ouargaye",70,79,77,89,88,2003,97,26,0.2680412,5
"Ouargaye",858,502,0.3553998,11.50333,1996,85,103,0.8252427,2004,101,76,0.7524753,100,NA,NA,0,17679,"Burkina Faso","Ouargaye",70,79,77,89,88,NA,NA,NA,NA,5
"Ouargaye",858,503,0.2203865,11.18245,1996,36,95,0.3789474,2004,NA,NA,NA,98,NA,NA,0,17679,"Burkina Faso","Ouargaye",70,79,77,89,88,NA,NA,NA,NA,5
"Ouargaye",858,504,0.2882901,11.24264,1996,83,99,0.8383839,2005,99,72,0.7272727,98,48,0.4897959,0,17679,"Burkina Faso","Ouargaye",70,79,77,89,88,2003,109,75,0.6880734,5
"Ouargaye",858,505,0.4187568,11.65304,1998,72,104,0.6923077,2005,97,20,0.2061856,103,32,0.3106796,1,17679,"Burkina Faso","Ouargaye",70,79,77,89,88,2003,96,39,0.40625,5
"Ouargaye",858,506,0.0701921,11.66112,1996,70,102,0.6862745,2004,96,65,0.6770833,98,40,0.4081633,0,17679,"Burkina Faso","Ouargaye",70,79,77,89,88,NA,NA,NA,NA,5
"Pama",859,484,1.148174,11.3105,1996,87,95,0.9157895,2004,101,10,0.0990099,96,29,0.3020833,1,17678,"Burkina Faso","Pama",NA,79,NA,76,91,NA,NA,NA,NA,3
"Pama",859,485,0.9234091,11.04118,1997,68,101,0.6732673,2005,99,14,0.1414141,98,30,0.3061225,1,17678,"Burkina Faso","Pama",NA,79,NA,76,91,NA,NA,NA,NA,3
"Pama",859,486,0.9547551,11.67096,1998,97,103,0.9417475,2004,97,74,0.7628866,101,48,0.4752475,0,17678,"Burkina Faso","Pama",NA,79,NA,76,91,NA,NA,NA,NA,3
"Pama",859,487,1.032894,11.45395,1996,33,96,0.34375,2004,94,35,0.3723404,104,35,0.3365385,0,17678,"Burkina Faso","Pama",NA,79,NA,76,91,NA,NA,NA,NA,3
"Pama",859,488,0.8275176,11.36488,1998,29,105,0.2761905,2005,100,1,0.01,99,18,0.1818182,1,17678,"Burkina Faso","Pama",NA,79,NA,76,91,NA,NA,NA,NA,3
"Pama",859,489,1.065107,11.65217,1997,65,97,0.6701031,2005,97,59,0.6082474,106,38,0.3584906,0,17678,"Burkina Faso","Pama",NA,79,NA,76,91,NA,NA,NA,NA,3
"Pama",859,490,0.8803251,11.81162,1998,74,96,0.7708333,2005,100,65,0.65,102,38,0.372549,0,17678,"Burkina Faso","Pama",NA,79,NA,76,91,NA,NA,NA,NA,3
"Pama",859,491,1.029717,11.16348,1998,71,97,0.7319587,2004,103,67,0.6504855,102,50,0.4901961,0,17678,"Burkina Faso","Pama",NA,79,NA,76,91,2003,97,62,0.6391752,3
"Pama",859,492,0.9153703,11.31556,1996,84,105,0.8,2004,104,82,0.7884616,96,47,0.4895833,0,17678,"Burkina Faso","Pama",NA,79,NA,76,91,NA,NA,NA,NA,3
"Pama",859,493,1.076618,11.07511,1996,64,95,0.6736842,2005,NA,NA,NA,103,NA,NA,1,17678,"Burkina Faso","Pama",NA,79,NA,76,91,2003,96,40,0.4166667,3
"Pama",859,494,0.5016835,11.09408,1997,92,97,0.9484536,2004,99,17,0.1717172,91,30,0.3296703,1,17678,"Burkina Faso","Pama",NA,79,NA,76,91,NA,NA,NA,NA,3
"Pama",859,495,1.11837,11.48704,1996,81,102,0.7941176,2005,98,11,0.1122449,99,26,0.2626263,1,17678,"Burkina Faso","Pama",NA,79,NA,76,91,NA,NA,NA,NA,3
"Pama",859,496,0.579236,11.20347,1996,72,95,0.7578948,2005,99,69,0.6969697,101,40,0.3960396,0,17678,"Burkina Faso","Pama",NA,79,NA,76,91,NA,NA,NA,NA,3
"Po",862,514,-1.21828,11.03015,1998,75,98,0.7653061,2005,NA,NA,NA,97,NA,NA,1,17682,"Burkina Faso","Po",76,76,78,62,94,NA,NA,NA,NA,5
"Po",862,515,-1.36456,11.20188,1997,89,104,0.8557692,2005,102,16,0.1568628,102,NA,NA,1,17682,"Burkina Faso","Po",76,76,78,62,94,NA,NA,NA,NA,5
"Po",862,516,-0.891427,11.1077,1998,28,95,0.2947368,2004,97,28,0.2886598,97,31,0.3195876,0,17682,"Burkina Faso","Po",76,76,78,62,94,NA,NA,NA,NA,5
"Po",862,517,-1.33328,11.38655,1997,83,96,0.8645833,2004,97,10,0.1030928,104,30,0.2884615,1,17682,"Burkina Faso","Po",76,76,78,62,94,NA,NA,NA,NA,5
"Po",862,518,-0.9534231,11.19981,1995,87,96,0.90625,2004,96,72,0.75,95,NA,NA,0,17682,"Burkina Faso","Po",76,76,78,62,94,NA,NA,NA,NA,5
"Po",862,519,-1.516632,11.27029,1996,30,96,0.3125,2005,NA,NA,NA,102,NA,NA,1,17682,"Burkina Faso","Po",76,76,78,62,94,NA,NA,NA,NA,5
"Po",862,520,-0.7690467,10.99557,1998,64,96,0.6666667,2004,NA,NA,NA,103,NA,NA,0,17682,"Burkina Faso","Po",76,76,78,62,94,NA,NA,NA,NA,5
"Pouytenga",1154,88,-0.2153273,12.21179,1996,NA,NA,0.8,2004,NA,NA,NA,105,NA,NA,1,NA,NA,NA,NA,NA,NA,NA,NA,NA,NA,NA,NA,0
"Pouytenga",1154,89,-0.4551049,12.25967,1998,NA,NA,0.8,2005,NA,NA,NA,99,NA,NA,0,NA,NA,NA,NA,NA,NA,NA,NA,NA,NA,NA,NA,0
"Pouytenga",1154,90,-0.2962016,12.30926,1998,NA,NA,0.8,2004,NA,NA,NA,97,NA,NA,1,NA,NA,NA,NA,NA,NA,NA,NA,NA,NA,NA,NA,0
"Reo",863,387,-2.570901,11.91594,1998,10,105,0.0952381,2004,103,15,0.1456311,100,30,0.3,1,NA,NA,NA,NA,NA,NA,NA,NA,NA,NA,NA,NA,0
"Reo",863,388,-2.595887,12.27283,1998,6,103,0.0582524,2004,NA,NA,NA,94,NA,NA,1,NA,NA,NA,NA,NA,NA,NA,NA,NA,NA,NA,NA,0
"Reo",863,389,-2.717785,11.85355,1995,4,99,0.040404,2005,100,17,0.17,100,32,0.32,0,NA,NA,NA,NA,NA,NA,NA,NA,NA,NA,NA,NA,0
"Reo",863,390,-2.847527,11.82592,1997,12,102,0.1176471,2004,103,27,0.2621359,101,NA,NA,0,NA,NA,NA,NA,NA,NA,NA,NA,NA,NA,NA,NA,0
"Reo",863,391,-2.485839,12.42076,1996,5,104,0.0480769,2005,102,13,0.127451,100,23,0.23,0,NA,NA,NA,NA,NA,NA,NA,NA,NA,NA,NA,NA,0
"Reo",863,392,-2.602148,12.17019,1996,8,105,0.0761905,2004,99,34,0.3434343,95,52,0.5473684,1,NA,NA,NA,NA,NA,NA,NA,NA,NA,NA,NA,NA,0
"Reo",863,393,-2.748771,11.97827,1995,19,105,0.1809524,2005,98,28,0.2857143,102,50,0.4901961,1,NA,NA,NA,NA,NA,NA,NA,NA,NA,NA,NA,NA,0
"Reo",863,394,-2.462738,12.21384,1995,4,105,0.0380952,2004,NA,NA,NA,105,NA,NA,0,NA,NA,NA,NA,NA,NA,NA,NA,NA,NA,NA,NA,0
"Reo",863,395,-2.489644,12.01486,1995,6,104,0.0576923,2005,98,33,0.3367347,101,62,0.6138614,0,NA,NA,NA,NA,NA,NA,NA,NA,NA,NA,NA,NA,0
"Reo",863,396,-2.222244,12.62988,1995,8,96,0.0833333,2005,99,20,0.2020202,99,NA,NA,1,NA,NA,NA,NA,NA,NA,NA,NA,NA,NA,NA,NA,0
"Sapone",864,67,-1.945423,11.94536,1995,14,98,0.1428571,2004,99,19,0.1919192,100,NA,NA,0,NA,NA,NA,NA,NA,NA,NA,NA,NA,NA,NA,NA,0
"Sapone",864,68,-1.562209,12.14553,1997,2,100,0.02,2005,93,27,0.2903226,103,49,0.4757282,0,NA,NA,NA,NA,NA,NA,NA,NA,NA,NA,NA,NA,0
"Sapone",864,69,-1.733187,11.91726,1998,11,105,0.1047619,2004,98,28,0.2857143,97,NA,NA,0,NA,NA,NA,NA,NA,NA,NA,NA,NA,NA,NA,NA,0
"Sapouy",865,2,-2.134341,11.81785,1998,81,97,0.8350515,2004,101,16,0.1584158,99,16,0.1616162,1,5484,"Burkina Faso","Sapouy",65,72,80,NA,89,NA,NA,NA,NA,4
"Sapouy",865,3,-1.585109,11.65263,1996,42,102,0.4117647,2004,98,7,0.0714286,101,31,0.3069307,1,5484,"Burkina Faso","Sapouy",65,72,80,NA,89,NA,NA,NA,NA,4
"Sapouy",865,4,-1.894118,11.73539,1996,80,98,0.8163266,2005,95,16,0.1684211,95,24,0.2526316,1,5484,"Burkina Faso","Sapouy",65,72,80,NA,89,NA,NA,NA,NA,4
"Sapouy",865,5,-1.426939,11.53861,1997,91,101,0.9009901,2004,106,24,0.2264151,96,19,0.1979167,1,5484,"Burkina Faso","Sapouy",65,72,80,NA,89,NA,NA,NA,NA,4
"Sapouy",865,6,-1.979603,11.463,1998,66,102,0.6470588,2004,99,0,0,97,18,0.185567,1,5484,"Burkina Faso","Sapouy",65,72,80,NA,89,NA,NA,NA,NA,4
"Sapouy",865,7,-2.0042,11.63708,1995,25,104,0.2403846,2005,NA,-1,NA,102,NA,NA,1,5484,"Burkina Faso","Sapouy",65,72,80,NA,89,NA,NA,NA,NA,4
"Sapouy",865,8,-2.029598,11.8827,1996,44,96,0.4583333,2004,104,19,0.1826923,96,18,0.1875,1,5484,"Burkina Faso","Sapouy",65,72,80,NA,89,NA,NA,NA,NA,4
"Sapouy",865,9,-2.272143,11.54915,1995,94,97,0.9690722,2004,94,19,0.2021277,99,NA,NA,1,5484,"Burkina Faso","Sapouy",65,72,80,NA,89,NA,NA,NA,NA,4
"Sapouy",865,10,-1.528764,11.40552,1995,38,97,0.3917526,2005,100,0,0,100,25,0.25,1,5484,"Burkina Faso","Sapouy",65,72,80,NA,89,NA,NA,NA,NA,4
"Sapouy",865,11,-2.211255,11.6669,1996,66,98,0.6734694,2005,102,15,0.1470588,102,30,0.2941177,1,5484,"Burkina Faso","Sapouy",65,72,80,NA,89,NA,NA,NA,NA,4
"Sebba",866,153,0.4276838,13.73886,1996,NA,NA,0.8,2005,NA,NA,NA,96,NA,NA,1,NA,NA,NA,NA,NA,NA,NA,NA,NA,NA,NA,NA,0
"Sebba",866,154,1.023332,13.45551,1997,NA,NA,0.8,2004,NA,NA,NA,95,NA,NA,0,NA,NA,NA,NA,NA,NA,NA,NA,NA,NA,NA,NA,0
"Sebba",866,155,0.6869762,13.38505,1996,NA,NA,0.8,2004,NA,NA,NA,105,NA,NA,1,NA,NA,NA,NA,NA,NA,NA,NA,NA,NA,NA,NA,0
"Sebba",866,156,0.3180971,13.47567,1997,NA,NA,0.8,2004,NA,NA,NA,102,NA,NA,0,NA,NA,NA,NA,NA,NA,NA,NA,NA,NA,NA,NA,0
"Sebba",866,157,0.295576,13.68399,1995,NA,NA,0.8,2005,NA,NA,NA,100,NA,NA,0,NA,NA,NA,NA,NA,NA,NA,NA,NA,NA,NA,NA,0
"Sebba",866,158,0.4606732,13.51019,1996,NA,NA,0.8,2005,NA,NA,NA,103,NA,NA,1,NA,NA,NA,NA,NA,NA,NA,NA,NA,NA,NA,NA,0
"Sebba",866,159,0.5496504,13.68239,1996,NA,NA,0.8,2004,NA,NA,NA,100,NA,NA,1,NA,NA,NA,NA,NA,NA,NA,NA,NA,NA,NA,NA,0
"Sebba",866,160,0.8550707,13.43968,1995,NA,NA,0.8,2004,NA,NA,NA,95,NA,NA,1,NA,NA,NA,NA,NA,NA,NA,NA,NA,NA,NA,NA,0
"Sebba",866,161,0.2693534,13.34729,1995,NA,NA,0.8,2005,NA,NA,NA,98,NA,NA,0,NA,NA,NA,NA,NA,NA,NA,NA,NA,NA,NA,NA,0
"Sebba",866,162,0.7643612,13.26066,1998,NA,NA,0.8,2004,NA,NA,NA,102,NA,NA,0,NA,NA,NA,NA,NA,NA,NA,NA,NA,NA,NA,NA,0
"Sebba",866,163,0.5702521,13.04907,1997,NA,NA,0.8,2005,NA,NA,NA,100,NA,NA,1,NA,NA,NA,NA,NA,NA,NA,NA,NA,NA,NA,NA,0
"Sebba",866,164,1.058146,13.35264,1996,NA,NA,0.8,2004,NA,NA,NA,103,NA,NA,1,NA,NA,NA,NA,NA,NA,NA,NA,NA,NA,NA,NA,0
"Sebba",866,165,0.3521973,13.20658,1996,NA,NA,0.8,2005,NA,NA,NA,95,NA,NA,1,NA,NA,NA,NA,NA,NA,NA,NA,NA,NA,NA,NA,0
"Seguenega",870,134,-2.030778,13.46755,1998,13,95,0.1368421,2005,97,31,0.3195876,100,56,0.56,0,NA,NA,NA,NA,NA,NA,NA,NA,NA,NA,NA,NA,0
"Seguenega",870,135,-1.921491,13.4785,1995,4,97,0.0412371,2004,101,16,0.1584158,101,37,0.3663366,1,NA,NA,NA,NA,NA,NA,NA,NA,NA,NA,NA,NA,0
"Seguenega",870,136,-2.103568,13.07812,1995,7,99,0.0707071,2005,97,22,0.2268041,96,46,0.4791667,0,NA,NA,NA,NA,NA,NA,NA,NA,NA,NA,NA,NA,0
"Seguenega",870,137,-1.957029,13.30372,1997,17,101,0.1683168,2004,97,37,0.3814433,104,60,0.5769231,1,NA,NA,NA,NA,NA,NA,NA,NA,NA,NA,NA,NA,0
"Signonghin",860,541,-1.557001,12.36749,1996,1,102,0.0098039,2004,99,17,0.1717172,102,46,0.4509804,1,NA,NA,NA,NA,NA,NA,NA,NA,NA,NA,NA,NA,0
"Sindou",871,533,-5.27725,10.61556,1998,25,104,0.2403846,2005,97,22,0.2268041,102,34,0.3333333,0,17684,"Burkina Faso","Sindou",68,83,74,69,94,NA,NA,NA,NA,5
"Sindou",871,534,-5.390917,10.7188,1996,39,99,0.3939394,2004,99,40,0.4040404,104,38,0.3653846,0,17684,"Burkina Faso","Sindou",68,83,74,69,94,2000,98,47,0.4795918,5
"Sindou",871,535,-5.200019,10.32219,1995,82,100,0.82,2004,100,15,0.15,102,34,0.3333333,1,17684,"Burkina Faso","Sindou",68,83,74,69,94,2000,100,37,0.37,5
"Sindou",871,536,-5.368158,10.39437,1997,45,97,0.4639175,2004,101,12,0.1188119,102,16,0.1568628,1,17684,"Burkina Faso","Sindou",68,83,74,69,94,NA,NA,NA,NA,5
"Sindou",871,537,-5.435739,10.62808,1998,97,105,0.9238095,2005,100,17,0.17,100,32,0.32,1,17684,"Burkina Faso","Sindou",68,83,74,69,94,NA,NA,NA,NA,5
"Sindou",871,538,-5.48316,10.46414,1996,41,104,0.3942308,2005,98,15,0.1530612,100,40,0.4,1,17684,"Burkina Faso","Sindou",68,83,74,69,94,NA,NA,NA,NA,5
"Solenzo",872,367,-4.394818,11.97975,1998,53,98,0.5408163,2004,98,9,0.0918367,102,NA,NA,1,15262,"Burkina Faso","Solenzo",NA,75,76,63,98,NA,NA,NA,NA,4
"Solenzo",872,368,-3.970092,11.99461,1998,41,100,0.41,2004,NA,NA,NA,98,NA,NA,0,15262,"Burkina Faso","Solenzo",NA,75,76,63,98,NA,NA,NA,NA,4
"Solenzo",872,369,-4.264095,12.63165,1996,84,97,0.8659794,2004,104,22,0.2115385,99,22,0.2222222,1,15262,"Burkina Faso","Solenzo",NA,75,76,63,98,NA,NA,NA,NA,4
"Solenzo",872,370,-4.03738,12.19782,1996,51,103,0.4951456,2005,100,8,0.08,99,NA,NA,1,15262,"Burkina Faso","Solenzo",NA,75,76,63,98,NA,NA,NA,NA,4
"Solenzo",872,371,-4.505746,12.23667,1998,75,99,0.7575758,2004,100,12,0.12,98,33,0.3367347,1,15262,"Burkina Faso","Solenzo",NA,75,76,63,98,NA,NA,NA,NA,4
"Solenzo",872,372,-4.368583,12.56765,1995,96,98,0.9795918,2004,103,90,0.8737864,98,43,0.4387755,0,15262,"Burkina Faso","Solenzo",NA,75,76,63,98,NA,NA,NA,NA,4
"Solenzo",872,373,-4.446562,12.63328,1995,36,101,0.3564357,2005,NA,NA,NA,106,NA,NA,1,15262,"Burkina Faso","Solenzo",NA,75,76,63,98,NA,NA,NA,NA,4
"Solenzo",872,374,-4.352947,12.33456,1997,100,101,0.8,2004,105,5,0.047619,100,25,0.25,1,15262,"Burkina Faso","Solenzo",NA,75,76,63,98,NA,NA,NA,NA,4
"Solenzo",872,375,-4.11048,12.07253,1998,25,95,0.2631579,2005,NA,NA,NA,98,NA,NA,0,15262,"Burkina Faso","Solenzo",NA,75,76,63,98,NA,NA,NA,NA,4
"Solenzo",872,376,-3.799723,12.45488,1998,54,101,0.5346535,2005,NA,NA,NA,103,NA,NA,0,15262,"Burkina Faso","Solenzo",NA,75,76,63,98,NA,NA,NA,NA,4
"Solenzo",872,377,-4.27156,11.85128,1997,85,98,0.8673469,2004,95,78,0.8210526,97,38,0.3917526,0,15262,"Burkina Faso","Solenzo",NA,75,76,63,98,NA,NA,NA,NA,4
"Solenzo",872,378,-4.426686,11.87686,1996,84,100,0.84,2004,99,19,0.1919192,94,28,0.2978723,1,15262,"Burkina Faso","Solenzo",NA,75,76,63,98,NA,NA,NA,NA,4
"Tenkodogo",873,98,-0.4868472,11.89535,1995,27,104,0.2596154,2005,101,27,0.2673267,103,31,0.3009709,0,11324,"Burkina Faso","Tenkodogo",73,85,82,73,87,NA,NA,NA,NA,5
"Tenkodogo",873,99,-0.1186211,11.71132,1998,41,103,0.3980583,2004,96,13,0.1354167,99,26,0.2626263,1,11324,"Burkina Faso","Tenkodogo",73,85,82,73,87,NA,NA,NA,NA,5
"Tenkodogo",873,100,-0.4277509,11.74501,1998,68,95,0.7157895,2004,99,69,0.6969697,96,NA,NA,0,11324,"Burkina Faso","Tenkodogo",73,85,82,73,87,NA,NA,NA,NA,5
"Tenkodogo",873,101,-0.6070107,11.65634,1996,27,104,0.2596154,2005,NA,NA,NA,97,NA,NA,0,11324,"Burkina Faso","Tenkodogo",73,85,82,73,87,NA,NA,NA,NA,5
"Titao",874,268,-2.114471,13.83829,1995,12,102,0.1176471,2004,98,26,0.2653061,100,NA,NA,1,NA,NA,NA,NA,NA,NA,NA,NA,NA,NA,NA,NA,0
"Titao",874,269,-2.221544,14.22473,1996,13,99,0.1313131,2005,103,20,0.1941748,104,41,0.3942308,0,NA,NA,NA,NA,NA,NA,NA,NA,NA,NA,NA,NA,0
"Titao",874,270,-1.843819,13.6541,1997,12,104,0.1153846,2004,102,26,0.254902,100,46,0.46,0,NA,NA,NA,NA,NA,NA,NA,NA,NA,NA,NA,NA,0
"Titao",874,271,-1.927649,13.9262,1995,4,104,0.0384615,2005,99,40,0.4040404,100,62,0.62,1,NA,NA,NA,NA,NA,NA,NA,NA,NA,NA,NA,NA,0
"Titao",874,272,-2.026716,13.56704,1998,3,104,0.0288462,2005,NA,NA,NA,104,NA,NA,0,NA,NA,NA,NA,NA,NA,NA,NA,NA,NA,NA,NA,0
"Toma",875,379,-3.028075,12.89612,1996,66,100,0.66,2004,101,63,0.6237624,96,47,0.4895833,0,16429,"Burkina Faso","Toma",72,87,78,73,85,2001,102,65,0.6372549,5
"Toma",875,380,-2.91715,12.61987,1998,72,105,0.6857143,2004,98,11,0.1122449,100,30,0.3,1,16429,"Burkina Faso","Toma",72,87,78,73,85,NA,NA,NA,NA,5
"Toma",875,381,-2.990338,12.81382,1998,90,96,0.9375,2004,107,22,0.2056075,98,35,0.3571429,1,16429,"Burkina Faso","Toma",72,87,78,73,85,2001,95,36,0.3789474,5
"Toma",875,382,-2.875934,12.88914,1996,36,101,0.3564357,2005,100,29,0.29,96,30,0.3125,0,16429,"Burkina Faso","Toma",72,87,78,73,85,NA,NA,NA,NA,5
"Toma",875,383,-3.053142,12.55464,1996,73,105,0.6952381,2004,100,6,0.06,103,29,0.2815534,1,16429,"Burkina Faso","Toma",72,87,78,73,85,2001,94,53,0.5638298,5
"Toma",875,384,-2.649572,12.74104,1998,63,97,0.6494845,2005,NA,NA,NA,93,NA,NA,1,16429,"Burkina Faso","Toma",72,87,78,73,85,NA,NA,NA,NA,5
"Toma",875,385,-2.817574,12.39923,1996,55,101,0.5445545,2005,98,10,0.1020408,99,26,0.2626263,1,16429,"Burkina Faso","Toma",72,87,78,73,85,NA,NA,NA,NA,5
"Toma",875,386,-3.108746,12.68387,1995,66,96,0.6875,2004,NA,NA,NA,100,NA,NA,1,16429,"Burkina Faso","Toma",72,87,78,73,85,NA,NA,NA,NA,5
"Tougan",876,330,-2.852788,13.21987,1996,33,100,0.33,2004,NA,NA,NA,98,NA,NA,0,15035,"Burkina Faso","Tougan",71,76,88,65,95,NA,NA,NA,NA,5
"Tougan",876,331,-3.434503,12.89201,1995,27,104,0.2596154,2005,94,7,0.0744681,96,21,0.21875,1,15035,"Burkina Faso","Tougan",71,76,88,65,95,2001,100,42,0.42,5
"Tougan",876,332,-3.258885,13.49753,1996,43,101,0.4257426,2005,98,9,0.0918367,98,25,0.255102,1,15035,"Burkina Faso","Tougan",71,76,88,65,95,NA,NA,NA,NA,5
"Tougan",876,333,-2.865794,13.5052,1998,48,95,0.5052631,2005,99,49,0.4949495,97,26,0.2680412,0,15035,"Burkina Faso","Tougan",71,76,88,65,95,NA,NA,NA,NA,5
"Tougan",876,334,-3.437793,13.05791,1995,36,102,0.3529412,2005,98,12,0.122449,100,19,0.19,1,15035,"Burkina Faso","Tougan",71,76,88,65,95,2001,101,33,0.3267327,5
"Tougan",876,335,-2.856566,13.11691,1998,87,103,0.8446602,2004,102,8,0.0784314,100,25,0.25,1,15035,"Burkina Faso","Tougan",71,76,88,65,95,2001,100,41,0.41,5
"Tougan",876,336,-2.749327,12.99503,1995,60,95,0.6315789,2004,95,53,0.5578948,97,37,0.3814433,0,15035,"Burkina Faso","Tougan",71,76,88,65,95,NA,NA,NA,NA,5
"Tougan",876,337,-2.947467,12.98209,1997,44,102,0.4313726,2004,101,19,0.1881188,105,NA,NA,1,15035,"Burkina Faso","Tougan",71,76,88,65,95,2001,99,56,0.5656565,5
"Tougan",876,338,-3.325821,13.10232,1997,92,96,0.9583333,2004,NA,NA,NA,104,NA,NA,0,15035,"Burkina Faso","Tougan",71,76,88,65,95,NA,NA,NA,NA,5
"Tougan",876,339,-2.923647,13.30396,1996,86,100,0.86,2004,99,77,0.7777778,106,51,0.4811321,0,15035,"Burkina Faso","Tougan",71,76,88,65,95,2001,96,70,0.7291667,5
"Tougan",876,340,-3.202512,13.32097,1995,25,98,0.255102,2005,101,13,0.1287129,102,NA,NA,1,15035,"Burkina Faso","Tougan",71,76,88,65,95,2001,94,25,0.2659574,5
"Tougan",876,341,-3.171766,13.60218,1997,29,103,0.2815534,2004,94,23,0.2446809,98,30,0.3061225,0,15035,"Burkina Faso","Tougan",71,76,88,65,95,2001,104,53,0.5096154,5
"Yako",877,126,-1.776172,13.06992,1996,12,97,0.1237113,2004,101,30,0.2970297,105,58,0.552381,1,NA,NA,NA,NA,NA,NA,NA,NA,NA,NA,NA,NA,0
"Yako",877,127,-2.011653,12.98346,1995,1,95,0.0105263,2005,NA,NA,NA,97,NA,NA,1,NA,NA,NA,NA,NA,NA,NA,NA,NA,NA,NA,NA,0
"Yako",877,128,-2.366078,12.93365,1998,13,101,0.1287129,2005,98,34,0.3469388,98,62,0.6326531,1,NA,NA,NA,NA,NA,NA,NA,NA,NA,NA,NA,NA,0
"Yako",877,129,-2.378599,12.79523,1995,17,102,0.1666667,2004,NA,NA,NA,98,NA,NA,1,NA,NA,NA,NA,NA,NA,NA,NA,NA,NA,NA,NA,0
"Yako",877,130,-1.949172,12.85858,1995,17,102,0.1666667,2005,NA,NA,NA,98,NA,NA,1,NA,NA,NA,NA,NA,NA,NA,NA,NA,NA,NA,NA,0
"Yako",877,131,-1.673608,13.00469,1995,9,96,0.09375,2005,100,15,0.15,98,NA,NA,1,NA,NA,NA,NA,NA,NA,NA,NA,NA,NA,NA,NA,0
"Yako",877,132,-2.267612,12.7608,1998,10,104,0.0961538,2005,98,20,0.2040816,97,41,0.4226804,0,NA,NA,NA,NA,NA,NA,NA,NA,NA,NA,NA,NA,0
"Yako",877,133,-2.275147,12.86563,1997,10,103,0.0970874,2005,99,15,0.1515152,101,30,0.2970297,0,NA,NA,NA,NA,NA,NA,NA,NA,NA,NA,NA,NA,0
"Zabre",878,511,-0.6649789,11.04255,1996,25,105,0.2380952,2004,97,5,0.0515464,101,20,0.1980198,1,17681,"Burkina Faso","Zabre",70,79,79,86,96,NA,NA,NA,NA,5
"Zabre",878,512,-0.5462,11.00779,1996,25,101,0.2475248,2004,100,15,0.15,95,26,0.2736842,1,17681,"Burkina Faso","Zabre",70,79,79,86,96,NA,NA,NA,NA,5
"Zabre",878,513,-0.5103182,11.1404,1998,41,97,0.4226804,2004,106,11,0.1037736,100,33,0.33,1,17681,"Burkina Faso","Zabre",70,79,79,86,96,NA,NA,NA,NA,5
"Ziniare",879,70,-1.468597,12.63218,1996,13,105,0.1238095,2004,97,40,0.4123711,99,55,0.5555556,0,NA,NA,NA,NA,NA,NA,NA,NA,NA,NA,NA,NA,0
"Ziniare",879,71,-1.176312,12.61726,1995,17,97,0.1752577,2004,95,26,0.2736842,104,50,0.4807692,1,NA,NA,NA,NA,NA,NA,NA,NA,NA,NA,NA,NA,0
"Ziniare",879,72,-1.038037,12.53756,1996,18,103,0.1747573,2005,97,32,0.3298969,104,64,0.6153846,1,NA,NA,NA,NA,NA,NA,NA,NA,NA,NA,NA,NA,0
"Ziniare",879,73,-1.521497,12.77212,1998,3,103,0.0291262,2004,96,12,0.125,98,27,0.2755102,1,NA,NA,NA,NA,NA,NA,NA,NA,NA,NA,NA,NA,0
"Ziniare",879,74,-1.294485,12.64273,1997,2,102,0.0196078,2004,100,17,0.17,97,31,0.3195876,0,NA,NA,NA,NA,NA,NA,NA,NA,NA,NA,NA,NA,0
"Ziniare",879,75,-1.665482,12.92657,1996,11,101,0.1089109,2005,95,13,0.1368421,105,35,0.3333333,0,NA,NA,NA,NA,NA,NA,NA,NA,NA,NA,NA,NA,0
"Zorgho",880,106,-0.9941624,12.05647,1997,NA,NA,0.8,2004,NA,NA,NA,98,NA,NA,1,NA,NA,NA,NA,NA,NA,NA,NA,NA,NA,NA,NA,0
"Zorgho",880,107,-0.8227392,12.38685,1998,NA,NA,0.8,2004,NA,NA,NA,104,NA,NA,1,NA,NA,NA,NA,NA,NA,NA,NA,NA,NA,NA,NA,0
"Zorgho",880,108,-0.5443969,12.43606,1997,NA,NA,0.8,2005,NA,NA,NA,97,NA,NA,0,NA,NA,NA,NA,NA,NA,NA,NA,NA,NA,NA,NA,0
"Zorgho",880,109,-0.7348043,12.43401,1996,NA,NA,0.8,2005,NA,NA,NA,100,NA,NA,1,NA,NA,NA,NA,NA,NA,NA,NA,NA,NA,NA,NA,0
"Zorgho",880,110,-0.6861199,11.89778,1996,NA,NA,0.8,2004,NA,NA,NA,100,NA,NA,0,NA,NA,NA,NA,NA,NA,NA,NA,NA,NA,NA,NA,0
"Zorgho",880,111,-0.4777181,12.08492,1998,NA,NA,0.8,2004,NA,NA,NA,100,NA,NA,0,NA,NA,NA,NA,NA,NA,NA,NA,NA,NA,NA,NA,0
"Zorgho",880,112,-0.8539299,12.2005,1996,NA,NA,0.8,2004,NA,NA,NA,98,NA,NA,1,NA,NA,NA,NA,NA,NA,NA,NA,NA,NA,NA,NA,0
"Zorgho",880,113,-0.8225279,11.98589,1995,NA,NA,0.8,2005,NA,NA,NA,102,NA,NA,1,NA,NA,NA,NA,NA,NA,NA,NA,NA,NA,NA,NA,0
"nongr-Massom",849,1,-1.642041,12.49166,1995,6,101,0.0594059,2005,NA,NA,NA,97,NA,NA,0,NA,NA,NA,NA,NA,NA,NA,NA,NA,NA,NA,NA,0
